PGM_GRP_ID_S,PERIOD,prc_lb,prc_ub
68675,1,5.18,12.94
68675,2,5.18,12.94
68675,3,5.18,12.94
68675,4,5.18,12.94
68675,99,1.94,11
70533,1,13.98,34.94
70533,2,13.98,34.94
70533,3,13.98,34.94
70533,4,13.98,34.94
70533,99,5.24,29.7
38887,1,5.98,14.94
38887,2,5.98,14.94
38887,3,5.98,14.94
38887,4,5.98,14.94
69041,1,13.98,34.94
69041,2,13.98,34.94
69041,3,13.98,34.94
69041,4,13.98,34.94
69041,99,5.24,29.7
70331,1,7.98,19.94
70331,2,7.98,19.94
70331,3,7.98,19.94
70331,4,7.98,19.94
69247,1,11.98,29.94
69247,2,11.98,29.94
69247,99,4.49,25.45
70275,1,13.8,34.5
70275,2,13.8,34.5
70275,99,5.18,29.33
70243,1,13.98,34.94
70243,2,13.98,34.94
70243,3,13.98,34.94
70243,4,13.98,34.94
70243,99,5.24,29.7
70279,1,2.38,5.94
70279,2,2.38,5.94
70279,3,2.38,5.94
70279,4,2.38,5.94
70279,99,0.89,5.05
69019,1,9.98,24.94
69019,2,9.98,24.94
69019,99,3.74,21.2
69565,1,3.98,9.94
69565,2,3.98,9.94
69565,3,3.98,9.94
69565,4,3.98,9.94
1877,1,5.98,14.94
1877,2,5.98,14.94
1877,3,5.98,14.94
1877,4,5.98,14.94
1877,99,2.24,12.7
5000063,1,5.18,12.94
5000063,2,5.18,12.94
5000063,3,5.18,12.94
5000063,4,5.18,12.94
85,1,3.58,8.94
85,2,3.58,8.94
85,3,3.58,8.94
85,4,3.58,8.94
85,99,1.34,7.6
72477,1,5.18,12.94
72477,2,5.18,12.94
72477,3,5.18,12.94
72477,4,5.18,12.94
72477,99,1.94,11
70323,1,13.18,32.94
70323,2,13.18,32.94
70323,3,13.18,32.94
70323,4,13.18,32.94
70323,99,4.94,28
70223,1,5.18,12.94
70223,2,5.18,12.94
70223,3,5.18,12.94
70223,4,5.18,12.94
70223,99,1.94,11
1513,1,3.18,7.94
1513,2,3.18,7.94
1513,99,1.19,6.75
1513,3,3.18,7.94
1513,4,3.18,7.94
68641,1,5.98,14.94
68641,2,5.98,14.94
68641,99,2.24,12.7
72841,1,6.78,16.94
72841,2,6.78,16.94
72841,3,6.78,16.94
72841,99,2.54,14.4
72841,4,6.78,16.94
5000069,1,9.98,24.94
5000069,2,9.98,24.94
5000069,3,9.98,24.94
5000069,4,9.98,24.94
70295,1,6.78,16.94
70295,2,6.78,16.94
70295,3,6.78,16.94
70295,4,6.78,16.94
2263,1,5.18,12.94
2263,2,5.18,12.94
2263,3,5.18,12.94
2263,4,5.18,12.94
2263,99,1.94,11
72839,1,3.98,9.94
72839,2,3.98,9.94
72839,3,3.98,9.94
72839,4,3.98,9.94
69445,1,13.98,34.94
69445,2,13.98,34.94
69445,3,13.98,34.94
69445,4,13.98,34.94
70567,1,13.98,34.94
70567,2,13.98,34.94
70567,3,13.98,34.94
70567,4,13.98,34.94
70567,99,5.24,29.7
71145,1,3.18,7.94
71145,2,3.18,7.94
71145,3,3.18,7.94
71145,4,3.18,7.94
71145,99,1.19,6.75
81,1,3.18,7.94
81,2,3.18,7.94
81,99,1.19,6.75
81,3,3.18,7.94
81,4,3.18,7.94
72249,1,5.18,12.94
72249,2,5.18,12.94
72249,3,5.18,12.94
72249,99,1.94,11
68823,1,9.18,22.94
68823,2,9.18,22.94
68823,3,9.18,22.94
68823,4,9.18,22.94
68823,99,3.44,19.5
69587,1,7.98,19.94
69587,2,7.98,19.94
69587,3,7.98,19.94
69587,4,7.98,19.94
69587,99,2.99,16.95
70847,1,3.98,9.94
70847,2,3.98,9.94
70847,3,3.98,9.94
70847,4,3.98,9.94
70847,99,1.49,8.45
72235,1,3.98,9.94
72235,2,3.98,9.94
72235,99,1.49,8.45
72281,1,7.98,19.94
72281,2,7.98,19.94
72281,3,7.98,19.94
72281,4,7.98,19.94
72281,99,2.99,16.95
70579,1,1.6,4
70579,2,1.6,4
70579,3,1.6,4
70579,4,1.6,4
70579,99,0.6,3.4
69251,1,5.98,14.94
69251,2,5.98,14.94
69251,99,2.24,12.7
72867,1,5.18,12.94
72867,2,5.18,12.94
72867,3,5.18,12.94
72867,4,5.18,12.94
72867,99,1.94,11
71917,1,1.58,3.94
71917,2,1.58,3.94
71917,3,1.58,3.94
71917,4,1.58,3.94
71917,99,0.59,3.35
72521,1,5.18,12.94
72521,2,5.18,12.94
72521,3,5.18,12.94
72521,4,5.18,12.94
72521,99,1.94,11
69165,1,7.98,19.94
69165,2,7.98,19.94
69165,3,7.98,19.94
69165,4,7.98,19.94
69165,99,2.99,16.95
10091,1,2.6,6.5
10091,2,2.6,6.5
10091,3,2.6,6.5
10091,4,2.6,6.5
10091,99,0.98,5.53
2223,1,5.18,12.94
2223,2,5.18,12.94
2223,3,5.18,12.94
2223,4,5.18,12.94
2223,99,1.94,11
2655,1,3.18,7.94
2655,2,3.18,7.94
2655,3,3.18,7.94
2655,4,3.18,7.94
2655,99,1.19,6.75
847,1,5.98,14.94
847,2,5.98,14.94
847,3,5.98,14.94
847,4,5.98,14.94
847,99,2.24,12.7
1803,1,13.98,34.94
1803,2,13.98,34.94
1803,3,13.98,34.94
1803,4,13.98,34.94
1803,99,5.24,29.7
72483,1,0.8,2
72483,2,0.8,2
72483,3,0.8,2
72483,4,0.8,2
72483,99,0.3,1.7
1797,1,5.18,12.94
1797,2,5.18,12.94
1797,3,5.18,12.94
1797,99,1.94,11
1379,1,6.78,16.94
1379,2,6.78,16.94
1379,3,6.78,16.94
1379,4,6.78,16.94
1379,99,2.54,14.4
1875,1,2.38,5.94
1875,2,2.38,5.94
1875,3,2.38,5.94
1875,4,2.38,5.94
1875,99,0.89,5.05
249,1,3.98,9.94
249,2,3.98,9.94
249,3,3.98,9.94
249,4,3.98,9.94
249,99,1.49,8.45
2749,1,4.38,10.94
2749,2,4.38,10.94
2749,3,4.38,10.94
2749,4,4.38,10.94
2749,99,1.64,9.3
68825,1,9.98,24.94
68825,2,9.98,24.94
68825,3,9.98,24.94
68825,4,9.98,24.94
68825,99,3.74,21.2
70555,1,13.98,34.94
70555,2,13.98,34.94
70555,3,13.98,34.94
70555,4,13.98,34.94
70555,99,5.24,29.7
2411,1,1.58,3.94
2411,2,1.58,3.94
2411,3,1.58,3.94
2411,4,1.58,3.94
2411,99,0.59,3.35
2797,1,3.98,9.94
2797,2,3.98,9.94
2797,3,3.98,9.94
2797,4,3.98,9.94
2797,99,1.49,8.45
471,1,3.98,9.94
471,2,3.98,9.94
471,3,3.98,9.94
471,4,3.98,9.94
471,99,1.49,8.45
70553,1,9.98,24.94
70553,2,9.98,24.94
70553,3,9.98,24.94
70553,4,9.98,24.94
70553,99,3.74,21.2
72861,1,3.98,9.94
72861,2,3.98,9.94
72861,3,3.98,9.94
72861,4,3.98,9.94
72861,99,1.49,8.45
70551,1,9.18,22.94
70551,2,9.18,22.94
70551,3,9.18,22.94
70551,4,9.18,22.94
70551,99,3.44,19.5
69087,1,10.78,26.94
69087,2,10.78,26.94
69087,99,4.04,22.9
70549,1,9.18,22.94
70549,2,9.18,22.94
70549,99,3.44,19.5
71889,1,7.98,19.94
71889,2,7.98,19.94
71889,99,2.99,16.95
71419,1,9.98,24.94
71419,2,9.98,24.94
71419,3,9.98,24.94
71419,4,9.98,24.94
71419,99,3.74,21.2
68719,1,9.18,22.94
68719,2,9.18,22.94
68719,99,3.44,19.5
70337,1,5.18,12.94
70337,2,5.18,12.94
70337,3,5.18,12.94
70337,4,5.18,12.94
70337,99,1.94,11
69239,1,5.98,14.94
69239,2,5.98,14.94
69239,3,5.98,14.94
69239,4,5.98,14.94
69239,99,2.24,12.7
69517,1,7.98,19.94
69517,2,7.98,19.94
69517,99,2.99,16.95
69517,3,7.98,19.94
69517,4,7.98,19.94
69703,1,13.18,32.94
69703,2,13.18,32.94
69703,99,4.94,28
68847,1,9.18,22.94
68847,2,9.18,22.94
68847,99,3.44,19.5
68897,1,11.98,29.94
68897,2,11.98,29.94
68897,99,4.49,25.45
69685,1,7.98,19.94
69685,2,7.98,19.94
69685,3,7.98,19.94
69685,4,7.98,19.94
69685,99,2.99,16.95
10021,1,4.38,10.94
10021,2,4.38,10.94
10021,3,4.38,10.94
10021,4,4.38,10.94
10021,99,1.64,9.3
69071,1,3.4,8.5
69071,2,3.4,8.5
69071,3,3.4,8.5
69071,4,3.4,8.5
69071,99,1.28,7.23
69513,1,3.8,9.5
69513,2,3.8,9.5
69513,3,3.8,9.5
69513,4,3.8,9.5
69513,99,1.43,8.08
68993,1,9.18,22.94
68993,2,9.18,22.94
68993,3,9.18,22.94
68993,4,9.18,22.94
68993,99,3.44,19.5
69351,1,9.98,24.94
69351,2,9.98,24.94
69351,99,3.74,21.2
68965,1,9.98,24.94
68965,2,9.98,24.94
68965,3,9.98,24.94
68965,4,9.98,24.94
68965,99,3.74,21.2
69233,1,9.18,22.94
69233,2,9.18,22.94
69233,3,9.18,22.94
69233,4,9.18,22.94
69233,99,3.44,19.5
69331,1,7.18,17.94
69331,2,7.18,17.94
69331,3,7.18,17.94
69331,4,7.18,17.94
69331,99,2.69,15.25
72475,1,7.98,19.94
72475,2,7.98,19.94
72475,3,7.98,19.94
72475,4,7.98,19.94
72475,99,2.99,16.95
68783,1,5.18,12.94
68783,2,5.18,12.94
68783,3,5.18,12.94
68783,4,5.18,12.94
68783,99,1.94,11
69011,1,13.18,32.94
69011,2,13.18,32.94
69011,3,13.18,32.94
69011,4,13.18,32.94
69011,99,4.94,28
70277,1,5.18,12.94
70277,2,5.18,12.94
70277,3,5.18,12.94
70277,4,5.18,12.94
70277,99,1.94,11
68943,1,5.98,14.94
68943,2,5.98,14.94
68943,99,2.24,12.7
68943,3,5.98,14.94
68943,4,5.98,14.94
10043,1,2.38,5.94
10043,2,2.38,5.94
10043,3,2.38,5.94
10043,4,2.38,5.94
10043,99,0.89,5.05
71151,1,6.78,16.94
71151,2,6.78,16.94
71151,99,2.54,14.4
69237,1,5.98,14.94
69237,2,5.98,14.94
69237,3,5.98,14.94
69237,4,5.98,14.94
69237,99,2.24,12.7
71915,1,4.38,10.94
71915,2,4.38,10.94
71915,3,4.38,10.94
71915,4,4.38,10.94
71915,99,1.64,9.3
72485,1,7.98,19.94
72485,2,7.98,19.94
72485,3,7.98,19.94
72485,4,7.98,19.94
72485,99,2.99,16.95
72215,1,6.78,16.94
72215,2,6.78,16.94
72215,99,2.54,14.4
1007,1,5.18,12.94
1007,2,5.18,12.94
1007,3,5.18,12.94
1007,4,5.18,12.94
595,1,4.38,10.94
595,2,4.38,10.94
595,3,4.38,10.94
595,4,4.38,10.94
595,99,1.64,9.3
69997,1,10.78,26.94
69997,2,10.78,26.94
69997,99,4.04,22.9
70055,1,7.98,19.94
70055,2,7.98,19.94
70317,1,13.18,32.94
70317,2,13.18,32.94
70317,3,13.18,32.94
70317,4,13.18,32.94
70317,99,4.94,28
70331,99,2.99,16.95
70055,3,7.98,19.94
70055,4,7.98,19.94
70055,99,2.99,16.95
72215,3,6.78,16.94
72215,4,6.78,16.94
70327,1,6.78,16.94
70327,2,6.78,16.94
70327,99,2.54,14.4
70263,1,11.8,29.5
70263,2,11.8,29.5
70263,3,11.8,29.5
70263,4,11.8,29.5
72479,1,5.98,14.94
72479,2,5.98,14.94
72479,3,5.98,14.94
72479,4,5.98,14.94
72479,99,2.24,12.7
70591,1,5.18,12.94
70591,2,5.18,12.94
70591,99,1.94,11
70849,1,5.18,12.94
70849,2,5.18,12.94
70849,3,5.18,12.94
70849,4,5.18,12.94
70513,1,11.98,29.94
70513,2,11.98,29.94
70513,3,11.98,29.94
70513,4,11.98,29.94
70513,99,4.49,25.45
69163,1,14.78,36.94
69163,2,14.78,36.94
69163,3,14.78,36.94
69163,4,14.78,36.94
69163,99,5.54,31.4
70515,1,11.98,29.94
70515,2,11.98,29.94
70515,3,11.98,29.94
70515,4,11.98,29.94
70515,99,4.49,25.45
2219,1,4.38,10.94
2219,2,4.38,10.94
2219,3,4.38,10.94
2219,99,1.64,9.3
2347,1,0.58,1.45
2347,2,0.58,1.45
2347,99,0.22,1.23
71153,1,5.18,12.94
71153,2,5.18,12.94
71153,99,1.94,11
72245,1,7.98,19.94
72245,2,7.98,19.94
72245,3,7.98,19.94
72245,4,7.98,19.94
72245,99,2.99,16.95
1211,1,7.8,19.5
1211,2,7.8,19.5
1211,3,7.8,19.5
1211,4,7.8,19.5
70027,1,5.98,14.94
70027,2,5.98,14.94
70027,3,5.98,14.94
70027,4,5.98,14.94
70027,99,2.24,12.7
481,1,13.98,34.94
481,2,13.98,34.94
481,3,13.98,34.94
481,4,13.98,34.94
481,99,5.24,29.7
69243,1,9.98,24.94
69243,2,9.98,24.94
69243,3,9.98,24.94
69243,4,9.98,24.94
68773,1,7.98,19.94
68773,2,7.98,19.94
68773,3,7.98,19.94
68773,4,7.98,19.94
69731,1,10.78,26.94
69731,2,10.78,26.94
69731,3,10.78,26.94
69731,4,10.78,26.94
69241,1,5.18,12.94
69241,2,5.18,12.94
69241,3,5.18,12.94
69241,4,5.18,12.94
69241,99,1.94,11
10071,1,3.98,9.94
10071,2,3.98,9.94
10071,3,3.98,9.94
10071,4,3.98,9.94
2347,3,0.58,1.45
2347,4,0.58,1.45
71929,1,6.78,16.94
71929,2,6.78,16.94
71929,3,6.78,16.94
71929,4,6.78,16.94
71929,99,2.54,14.4
10227,1,7.98,19.94
10227,2,7.98,19.94
10227,3,7.98,19.94
10227,4,7.98,19.94
10227,99,2.99,16.95
10005,1,3.58,8.94
10005,2,3.58,8.94
10005,3,3.58,8.94
10005,4,3.58,8.94
10005,99,1.34,7.6
943,1,5.98,14.94
943,2,5.98,14.94
943,3,5.98,14.94
943,99,2.24,12.7
70283,1,3.98,9.94
70283,2,3.98,9.94
70283,3,3.98,9.94
70283,4,3.98,9.94
70283,99,1.49,8.45
71585,1,9.18,22.94
71585,2,9.18,22.94
71585,3,9.18,22.94
71585,4,9.18,22.94
71585,99,3.44,19.5
71587,1,9.98,24.94
71587,2,9.98,24.94
71587,3,9.98,24.94
71587,4,9.98,24.94
71587,99,3.74,21.2
70273,1,14.78,36.94
70273,2,14.78,36.94
70273,99,5.54,31.4
70273,3,14.78,36.94
70273,4,14.78,36.94
70817,1,5.98,14.94
70817,2,5.98,14.94
70817,3,5.98,14.94
70817,99,2.24,12.7
69143,1,11.98,29.94
69143,2,11.98,29.94
68667,1,13.8,34.5
68667,2,13.8,34.5
68667,99,5.18,29.33
50695,1,6.78,16.94
50695,2,6.78,16.94
50695,99,2.54,14.4
71589,1,11.98,29.94
71589,2,11.98,29.94
71589,3,11.98,29.94
71589,4,11.98,29.94
71589,99,4.49,25.45
849,1,7.98,19.94
849,2,7.98,19.94
849,3,7.98,19.94
849,4,7.98,19.94
849,99,2.99,16.95
2599,1,5.18,12.94
2599,2,5.18,12.94
2599,99,1.94,11
2591,1,1.98,4.94
2591,2,1.98,4.94
2591,3,1.98,4.94
2591,4,1.98,4.94
2591,99,0.74,4.2
50883,1,6.78,16.94
50883,2,6.78,16.94
50883,3,6.78,16.94
50883,99,2.54,14.4
1007,99,1.94,11
69463,1,3.98,9.94
69463,2,3.98,9.94
69463,3,3.98,9.94
69463,4,3.98,9.94
69463,99,1.49,8.45
10303,1,9.18,22.94
10303,2,9.18,22.94
10303,99,3.44,19.5
71191,1,5.18,12.94
71191,2,5.18,12.94
71191,99,1.94,11
72273,1,5.98,14.94
72273,2,5.98,14.94
72273,99,2.24,12.7
577,1,5.18,12.94
577,2,5.18,12.94
577,3,5.18,12.94
577,4,5.18,12.94
577,99,1.94,11
2793,1,5.18,12.94
2793,2,5.18,12.94
2793,3,5.18,12.94
2793,4,5.18,12.94
70125,1,5.98,14.94
70125,2,5.98,14.94
70125,3,5.98,14.94
70125,4,5.98,14.94
70125,99,2.24,12.7
68817,1,7.98,19.94
68817,2,7.98,19.94
68817,3,7.98,19.94
68817,4,7.98,19.94
68817,99,2.99,16.95
69393,1,7.98,19.94
69393,2,7.98,19.94
69393,3,7.98,19.94
69393,4,7.98,19.94
69393,99,2.99,16.95
70527,1,7.98,19.94
70527,2,7.98,19.94
70527,3,7.98,19.94
70527,4,7.98,19.94
70527,99,2.99,16.95
69981,1,7.98,19.94
69981,2,7.98,19.94
69981,99,2.99,16.95
1333,1,9.98,24.94
1333,2,9.98,24.94
1333,3,9.98,24.94
1333,4,9.98,24.94
1333,99,3.74,21.2
703,1,10.78,26.94
703,2,10.78,26.94
703,3,10.78,26.94
703,4,10.78,26.94
703,99,4.04,22.9
68843,1,10.78,26.94
68843,2,10.78,26.94
68843,99,4.04,22.9
71427,1,9.98,24.94
71427,2,9.98,24.94
68665,1,6.78,16.94
68665,2,6.78,16.94
68665,99,2.54,14.4
2485,1,5.18,12.94
2485,2,5.18,12.94
2485,99,1.94,11
70371,1,17.98,44.94
70371,2,17.98,44.94
70371,3,17.98,44.94
70371,4,17.98,44.94
70371,99,6.74,38.2
72243,1,6.78,16.94
72243,2,6.78,16.94
72243,3,6.78,16.94
72243,4,6.78,16.94
72243,99,2.54,14.4
70149,1,13.18,32.94
70149,2,13.18,32.94
70149,3,13.18,32.94
70149,4,13.18,32.94
70149,99,4.94,28
71721,1,3.98,9.94
71721,2,3.98,9.94
71721,3,3.98,9.94
71721,4,3.98,9.94
71721,99,1.49,8.45
70507,1,9.98,24.94
70507,2,9.98,24.94
70507,3,9.98,24.94
70507,4,9.98,24.94
70507,99,3.74,21.2
69667,1,9.18,22.94
69667,2,9.18,22.94
67489,1,2.78,6.94
67489,2,2.78,6.94
67489,3,2.78,6.94
67489,4,2.78,6.94
67489,99,1.04,5.9
69441,1,10.78,26.94
69441,2,10.78,26.94
69441,99,4.04,22.9
70359,1,10.78,26.94
70359,2,10.78,26.94
70359,3,10.78,26.94
70359,4,10.78,26.94
70359,99,4.04,22.9
70361,1,9.18,22.94
70361,2,9.18,22.94
70361,3,9.18,22.94
70361,4,9.18,22.94
70361,99,3.44,19.5
68895,1,9.18,22.94
68895,2,9.18,22.94
68895,3,9.18,22.94
68895,4,9.18,22.94
68895,99,3.44,19.5
68633,1,7.98,19.94
68633,2,7.98,19.94
68633,99,2.99,16.95
68633,3,7.98,19.94
68633,4,7.98,19.94
69553,1,6.78,16.94
69553,2,6.78,16.94
69553,99,2.54,14.4
68887,1,9.18,22.94
68887,2,9.18,22.94
68887,3,9.18,22.94
68887,4,9.18,22.94
68887,99,3.44,19.5
69171,1,5.98,14.94
69171,2,5.98,14.94
69171,3,5.98,14.94
69171,4,5.98,14.94
69171,99,2.24,12.7
70169,1,9.98,24.94
70169,2,9.98,24.94
70169,3,9.98,24.94
70169,4,9.98,24.94
70169,99,3.74,21.2
1455,1,15.98,39.94
1455,2,15.98,39.94
1455,3,15.98,39.94
1455,4,15.98,39.94
1455,99,5.99,33.95
71429,1,11.98,29.94
71429,2,11.98,29.94
71429,99,4.49,25.45
71429,3,11.98,29.94
71429,4,11.98,29.94
70011,1,7.98,19.94
70011,2,7.98,19.94
70011,3,7.98,19.94
70011,4,7.98,19.94
70011,99,2.99,16.95
50841,1,3.98,9.94
50841,2,3.98,9.94
50841,99,1.49,8.45
70819,1,11.98,29.94
70819,2,11.98,29.94
70819,99,4.49,25.45
69077,1,17.98,44.94
69077,2,17.98,44.94
69077,99,6.74,38.2
70181,1,10.78,26.94
70181,2,10.78,26.94
70181,3,10.78,26.94
70181,4,10.78,26.94
70181,99,4.04,22.9
72265,1,3.98,9.94
72265,2,3.98,9.94
72265,3,3.98,9.94
72265,99,1.49,8.45
70327,3,6.78,16.94
70327,4,6.78,16.94
2353,1,7.98,19.94
2353,2,7.98,19.94
2353,3,7.98,19.94
2353,4,7.98,19.94
2353,99,2.99,16.95
2633,1,7.98,19.94
2633,2,7.98,19.94
2633,3,7.98,19.94
2633,4,7.98,19.94
2633,99,2.99,16.95
69145,1,9.18,22.94
69145,2,9.18,22.94
69145,3,9.18,22.94
69145,4,9.18,22.94
69145,99,3.44,19.5
38903,1,6.78,16.94
38903,2,6.78,16.94
38903,3,6.78,16.94
38903,4,6.78,16.94
1461,1,7.98,19.94
1461,2,7.98,19.94
1461,3,7.98,19.94
1461,4,7.98,19.94
1461,99,2.99,16.95
71715,1,5.18,12.94
71715,2,5.18,12.94
71715,3,5.18,12.94
71715,4,5.18,12.94
71715,99,1.94,11
70363,1,10.78,26.94
70363,2,10.78,26.94
70363,3,10.78,26.94
70363,4,10.78,26.94
70363,99,4.04,22.9
2201,1,3.98,9.94
2201,2,3.98,9.94
2201,3,3.98,9.94
2201,99,1.49,8.45
2201,4,3.98,9.94
38883,1,5.98,14.94
38883,2,5.98,14.94
38883,99,2.24,12.7
5000063,99,1.94,11
2197,1,5.18,12.94
2197,2,5.18,12.94
2197,3,5.18,12.94
2197,4,5.18,12.94
2197,99,1.94,11
2277,1,9.18,22.94
2277,2,9.18,22.94
2277,3,9.18,22.94
2277,4,9.18,22.94
2277,99,3.44,19.5
1839,1,6.38,15.94
1839,2,6.38,15.94
1839,3,6.38,15.94
1839,4,6.38,15.94
1839,99,2.39,13.55
359,1,9.98,24.94
359,2,9.98,24.94
359,3,9.98,24.94
359,99,3.74,21.2
70085,1,5.98,14.94
70085,2,5.98,14.94
70085,99,2.24,12.7
70085,3,5.98,14.94
70085,4,5.98,14.94
70807,1,5.98,14.94
70807,2,5.98,14.94
70807,99,2.24,12.7
67505,1,9.98,24.94
67505,2,9.98,24.94
67505,3,9.98,24.94
67505,4,9.98,24.94
67505,99,3.74,21.2
10065,1,3.98,9.94
10065,2,3.98,9.94
10065,3,3.98,9.94
10065,4,3.98,9.94
10065,99,1.49,8.45
70341,1,11.98,29.94
70341,2,11.98,29.94
70341,99,4.49,25.45
70343,1,11.98,29.94
70343,2,11.98,29.94
70343,99,4.49,25.45
70345,1,13.98,34.94
70345,2,13.98,34.94
70345,3,13.98,34.94
70345,4,13.98,34.94
70339,1,5.98,14.94
70339,2,5.98,14.94
70339,3,5.98,14.94
70339,4,5.98,14.94
70339,99,2.24,12.7
10197,1,5.18,12.94
10197,2,5.18,12.94
10197,3,5.18,12.94
10197,4,5.18,12.94
10197,99,1.94,11
70899,1,5.98,14.94
70899,2,5.98,14.94
70899,99,2.24,12.7
2431,1,9.98,24.94
2431,2,9.98,24.94
2431,3,9.98,24.94
2431,99,3.74,21.2
1331,1,10.78,26.94
1331,2,10.78,26.94
1331,3,10.78,26.94
1331,4,10.78,26.94
1331,99,4.04,22.9
1285,1,13.98,34.94
1285,2,13.98,34.94
1285,3,13.98,34.94
1285,4,13.98,34.94
1285,99,5.24,29.7
2059,1,15.98,39.94
2059,2,15.98,39.94
2059,3,15.98,39.94
2059,4,15.98,39.94
2059,99,5.99,33.95
877,1,5.18,12.94
877,2,5.18,12.94
877,3,5.18,12.94
877,99,1.94,11
38879,1,5.18,12.94
38879,2,5.18,12.94
38879,99,1.94,11
38879,3,5.18,12.94
39,1,5.18,12.94
39,2,5.18,12.94
39,3,5.18,12.94
39,4,5.18,12.94
39,99,1.94,11
68721,1,5.98,14.94
68721,2,5.98,14.94
68721,99,2.24,12.7
68721,3,5.98,14.94
68721,4,5.98,14.94
69775,1,6.78,16.94
69775,2,6.78,16.94
69775,3,6.78,16.94
69775,4,6.78,16.94
69173,1,13.98,34.94
69173,2,13.98,34.94
69173,3,13.98,34.94
69173,4,13.98,34.94
69173,99,5.24,29.7
69509,1,7.98,19.94
69509,2,7.98,19.94
69509,3,7.98,19.94
69509,4,7.98,19.94
69509,99,2.99,16.95
68763,1,15.98,39.94
68763,2,15.98,39.94
68763,99,5.99,33.95
10093,1,3.58,8.94
10093,2,3.58,8.94
10093,99,1.34,7.6
70197,1,5.98,14.94
70197,2,5.98,14.94
70197,99,2.24,12.7
38859,1,5.98,14.94
38859,2,5.98,14.94
38859,3,5.98,14.94
38859,4,5.98,14.94
38859,99,2.24,12.7
70347,1,13.98,34.94
70347,2,13.98,34.94
70347,3,13.98,34.94
70347,4,13.98,34.94
70347,99,5.24,29.7
70275,3,13.8,34.5
70275,4,13.8,34.5
69653,1,9.98,24.94
69653,2,9.98,24.94
69653,3,9.98,24.94
69653,4,9.98,24.94
69653,99,3.74,21.2
10017,1,1.58,3.94
10017,2,1.58,3.94
10017,99,0.59,3.35
10017,3,1.58,3.94
10017,4,1.58,3.94
72583,1,5.18,12.94
72583,2,5.18,12.94
68869,1,5.98,14.94
68869,2,5.98,14.94
68869,99,2.24,12.7
71137,1,2.78,6.94
71137,2,2.78,6.94
71137,3,2.78,6.94
71137,99,1.04,5.9
69309,1,10.78,26.94
69309,2,10.78,26.94
69309,3,10.78,26.94
69309,4,10.78,26.94
69309,99,4.04,22.9
2763,1,5.18,12.94
2763,2,5.18,12.94
2763,3,5.18,12.94
2763,99,1.94,11
70587,1,2.78,6.94
70587,2,2.78,6.94
70587,3,2.78,6.94
70587,4,2.78,6.94
70587,99,1.04,5.9
68913,1,3.8,9.5
68913,2,3.8,9.5
68913,3,3.8,9.5
68913,4,3.8,9.5
68913,99,1.43,8.08
10273,1,9.18,22.94
10273,2,9.18,22.94
10273,3,9.18,22.94
10273,4,9.18,22.94
10273,99,3.44,19.5
68625,1,9.98,24.94
68625,2,9.98,24.94
68625,3,9.98,24.94
68625,4,9.98,24.94
68625,99,3.74,21.2
69411,1,9.98,24.94
69411,2,9.98,24.94
69411,3,9.98,24.94
69411,4,9.98,24.94
69411,99,3.74,21.2
1895,1,3.98,9.94
1895,2,3.98,9.94
1895,3,3.98,9.94
1895,99,1.49,8.45
72843,1,5.18,12.94
72843,2,5.18,12.94
72843,99,1.94,11
373,1,2.38,5.94
373,2,2.38,5.94
373,3,2.38,5.94
373,4,2.38,5.94
373,99,0.89,5.05
10121,1,3.98,9.94
10121,2,3.98,9.94
10121,99,1.49,8.45
10093,3,3.58,8.94
10093,4,3.58,8.94
10095,1,2.38,5.94
10095,2,2.38,5.94
10095,3,2.38,5.94
10095,4,2.38,5.94
10095,99,0.89,5.05
72493,1,5.98,14.94
72493,2,5.98,14.94
70813,1,5.98,14.94
70813,2,5.98,14.94
70813,99,2.24,12.7
70813,3,5.98,14.94
70813,4,5.98,14.94
72239,1,5.18,12.94
72239,2,5.18,12.94
72239,99,1.94,11
70127,1,6.78,16.94
70127,2,6.78,16.94
70127,99,2.54,14.4
1287,1,5.18,12.94
1287,2,5.18,12.94
1287,3,5.18,12.94
1287,4,5.18,12.94
1287,99,1.94,11
71203,1,7.98,19.94
71203,2,7.98,19.94
71203,3,7.98,19.94
71203,4,7.98,19.94
71203,99,2.99,16.95
71215,1,9.18,22.94
71215,2,9.18,22.94
71215,3,9.18,22.94
71215,4,9.18,22.94
71215,99,3.44,19.5
70883,1,9.18,22.94
70883,2,9.18,22.94
70883,99,3.44,19.5
70883,3,9.18,22.94
70883,4,9.18,22.94
71217,1,10.78,26.94
71217,2,10.78,26.94
71217,3,10.78,26.94
71217,4,10.78,26.94
71217,99,4.04,22.9
71197,1,13.18,32.94
71197,2,13.18,32.94
71197,3,13.18,32.94
71197,4,13.18,32.94
71197,99,4.94,28
69371,1,9.98,24.94
69371,2,9.98,24.94
69371,3,9.98,24.94
69371,4,9.98,24.94
69371,99,3.74,21.2
71219,1,15.98,39.94
71219,2,15.98,39.94
71219,3,15.98,39.94
71219,4,15.98,39.94
71219,99,5.99,33.95
1319,1,13.98,34.94
1319,2,13.98,34.94
1319,3,13.98,34.94
1319,4,13.98,34.94
1319,99,5.24,29.7
1605,1,15.98,39.94
1605,2,15.98,39.94
1605,3,15.98,39.94
1605,4,15.98,39.94
69285,1,6.78,16.94
69285,2,6.78,16.94
69285,99,2.54,14.4
69285,3,6.78,16.94
69285,4,6.78,16.94
71183,1,7.18,17.94
71183,2,7.18,17.94
71183,3,7.18,17.94
71183,4,7.18,17.94
71183,99,2.69,15.25
68831,1,9.18,22.94
68831,2,9.18,22.94
68831,3,9.18,22.94
68831,4,9.18,22.94
68831,99,3.44,19.5
69195,1,9.98,24.94
69195,2,9.98,24.94
69195,99,3.74,21.2
71443,99,2.24,12.7
71413,1,15.98,39.94
71413,2,15.98,39.94
72279,1,5.98,14.94
72279,2,5.98,14.94
72279,3,5.98,14.94
72279,4,5.98,14.94
72279,99,2.24,12.7
70537,1,13.98,34.94
70537,2,13.98,34.94
70537,3,13.98,34.94
70537,4,13.98,34.94
70537,99,5.24,29.7
69243,99,3.74,21.2
68773,99,2.99,16.95
69297,1,11.98,29.94
69297,2,11.98,29.94
69297,3,11.98,29.94
69297,4,11.98,29.94
69297,99,4.49,25.45
69565,99,1.49,8.45
69613,1,6.78,16.94
69613,2,6.78,16.94
69613,3,6.78,16.94
69613,99,2.54,14.4
68999,1,9.98,24.94
68999,2,9.98,24.94
68999,3,9.98,24.94
68999,4,9.98,24.94
68999,99,3.74,21.2
70849,99,1.94,11
69661,1,9.18,22.94
69661,2,9.18,22.94
69661,99,3.44,19.5
517,1,3.98,9.94
517,2,3.98,9.94
517,3,3.98,9.94
517,4,3.98,9.94
517,99,1.49,8.45
72481,1,2,5
72481,2,2,5
72481,3,2,5
72481,4,2,5
72481,99,0.75,4.25
50983,1,7.98,19.94
50983,2,7.98,19.94
50983,3,7.98,19.94
50983,99,2.99,16.95
69099,1,6,15
69099,2,6,15
69099,3,6,15
69099,4,6,15
69099,99,2.25,12.75
68891,1,11.98,29.94
68891,2,11.98,29.94
68891,3,11.98,29.94
68891,4,11.98,29.94
70325,1,9.8,24.5
70325,2,9.8,24.5
70325,3,9.8,24.5
70325,4,9.8,24.5
69507,1,5,12.5
69507,2,5,12.5
69507,3,5,12.5
69507,4,5,12.5
70299,1,5.4,13.5
70299,2,5.4,13.5
70299,3,5.4,13.5
70299,4,5.4,13.5
197,1,7.8,19.5
197,2,7.8,19.5
197,3,7.8,19.5
197,4,7.8,19.5
70855,1,1.4,3.5
70855,2,1.4,3.5
70855,3,1.4,3.5
70855,4,1.4,3.5
69251,3,5.98,14.94
69251,4,5.98,14.94
71431,1,11.98,29.94
71431,2,11.98,29.94
71431,3,11.98,29.94
71431,4,11.98,29.94
71431,99,4.49,25.45
69169,1,9.98,24.94
69169,2,9.98,24.94
69169,99,3.74,21.2
70989,1,9.98,24.94
70989,2,9.98,24.94
70989,3,9.98,24.94
70989,4,9.98,24.94
70989,99,3.74,21.2
70421,1,6,15
70421,2,6,15
70421,99,2.25,12.75
68727,1,10.78,26.94
68727,2,10.78,26.94
68727,3,10.78,26.94
68727,4,10.78,26.94
68727,99,4.04,22.9
68811,1,3.98,9.94
68811,2,3.98,9.94
68811,3,3.98,9.94
68811,4,3.98,9.94
68811,99,1.49,8.45
70769,1,9.18,22.94
70769,2,9.18,22.94
70769,3,9.18,22.94
70769,4,9.18,22.94
70769,99,3.44,19.5
70459,1,9.18,22.94
70459,2,9.18,22.94
70459,3,9.18,22.94
70459,4,9.18,22.94
70459,99,3.44,19.5
70755,1,6.78,16.94
70755,2,6.78,16.94
70755,3,6.78,16.94
70755,4,6.78,16.94
70755,99,2.54,14.4
71677,1,6.78,16.94
71677,2,6.78,16.94
71677,3,6.78,16.94
71677,4,6.78,16.94
71677,99,2.54,14.4
71347,1,5.98,14.94
71347,2,5.98,14.94
71347,3,5.98,14.94
71347,4,5.98,14.94
71347,99,2.24,12.7
72855,1,5.98,14.94
72855,2,5.98,14.94
72855,99,2.24,12.7
72855,3,5.98,14.94
72855,4,5.98,14.94
69003,1,6.78,16.94
69003,2,6.78,16.94
69003,3,6.78,16.94
69003,4,6.78,16.94
69003,99,2.54,14.4
71261,1,7.98,19.94
71261,2,7.98,19.94
71261,99,2.99,16.95
71261,3,7.98,19.94
71261,4,7.98,19.94
70433,1,7.98,19.94
70433,2,7.98,19.94
70433,3,7.98,19.94
70433,4,7.98,19.94
70433,99,2.99,16.95
72071,1,6.78,16.94
72071,2,6.78,16.94
72071,3,6.78,16.94
72071,99,2.54,14.4
71373,1,7.98,19.94
71373,2,7.98,19.94
71373,99,2.99,16.95
71227,1,7.98,19.94
71227,2,7.98,19.94
71227,3,7.98,19.94
71227,4,7.98,19.94
71227,99,2.99,16.95
72067,1,4.38,10.94
72067,2,4.38,10.94
72067,3,4.38,10.94
72067,99,1.64,9.3
69825,1,4.38,10.94
69825,2,4.38,10.94
69825,3,4.38,10.94
69825,4,4.38,10.94
69825,99,1.64,9.3
70461,1,6.78,16.94
70461,2,6.78,16.94
70461,3,6.78,16.94
70461,99,2.54,14.4
70467,1,10.78,26.94
70467,2,10.78,26.94
70467,99,4.04,22.9
70499,1,9.98,24.94
70499,2,9.98,24.94
70499,99,3.74,21.2
70979,1,9.98,24.94
70979,2,9.98,24.94
70979,3,9.98,24.94
70979,99,3.74,21.2
70919,1,6.78,16.94
70919,2,6.78,16.94
70919,3,6.78,16.94
70919,4,6.78,16.94
70919,99,2.54,14.4
69973,1,6.78,16.94
69973,2,6.78,16.94
69973,3,6.78,16.94
69973,99,2.54,14.4
71269,1,5.98,14.94
71269,2,5.98,14.94
71269,3,5.98,14.94
71269,4,5.98,14.94
71269,99,2.24,12.7
71477,1,5.98,14.94
71477,2,5.98,14.94
71477,3,5.98,14.94
71477,4,5.98,14.94
71477,99,2.24,12.7
70697,1,4.38,10.94
70697,2,4.38,10.94
70697,99,1.64,9.3
71271,1,5.18,12.94
71271,2,5.18,12.94
71271,3,5.18,12.94
71271,4,5.18,12.94
71271,99,1.94,11
70723,1,5.18,12.94
70723,2,5.18,12.94
70723,99,1.94,11
69857,1,3.18,7.94
69857,2,3.18,7.94
69857,3,3.18,7.94
69857,99,1.19,6.75
69857,4,3.18,7.94
70489,1,5.98,14.94
70489,2,5.98,14.94
70489,3,5.98,14.94
70489,4,5.98,14.94
70489,99,2.24,12.7
70611,1,7.98,19.94
70611,2,7.98,19.94
70611,3,7.98,19.94
70611,4,7.98,19.94
70611,99,2.99,16.95
61135,1,5.98,14.94
61135,2,5.98,14.94
61135,99,2.24,12.7
70429,1,5.98,14.94
70429,2,5.98,14.94
70429,99,2.24,12.7
72255,1,5.18,12.94
72255,2,5.18,12.94
72255,3,5.18,12.94
72255,4,5.18,12.94
72255,99,1.94,11
72253,1,4.38,10.94
72253,2,4.38,10.94
72253,99,1.64,9.3
70683,1,7.98,19.94
70683,2,7.98,19.94
70683,99,2.99,16.95
71813,1,10.78,26.94
71813,2,10.78,26.94
71813,3,10.78,26.94
71813,4,10.78,26.94
71813,99,4.04,22.9
70923,1,7.98,19.94
70923,2,7.98,19.94
70923,3,7.98,19.94
70923,4,7.98,19.94
70923,99,2.99,16.95
71073,1,9.98,24.94
71073,2,9.98,24.94
71073,3,9.98,24.94
71073,4,9.98,24.94
71073,99,3.74,21.2
71511,1,5.18,12.94
71511,2,5.18,12.94
71511,3,5.18,12.94
71511,4,5.18,12.94
69773,1,6.78,16.94
69773,2,6.78,16.94
69773,3,6.78,16.94
69773,4,6.78,16.94
69773,99,2.54,14.4
70315,1,11.98,29.94
70315,2,11.98,29.94
72061,1,11.98,29.94
72061,2,11.98,29.94
72061,3,11.98,29.94
72061,4,11.98,29.94
72061,99,4.49,25.45
70329,1,10.78,26.94
70329,2,10.78,26.94
70329,99,4.04,22.9
70333,1,10.78,26.94
70333,2,10.78,26.94
70333,99,4.04,22.9
71601,1,10.78,26.94
71601,2,10.78,26.94
71601,99,4.04,22.9
71603,1,13.98,34.94
71603,2,13.98,34.94
71603,3,13.98,34.94
71603,4,13.98,34.94
71603,99,5.24,29.7
71597,1,10.78,26.94
71597,2,10.78,26.94
71597,3,10.78,26.94
71597,4,10.78,26.94
71597,99,4.04,22.9
70111,1,7.58,18.94
70111,2,7.58,18.94
70111,99,2.84,16.1
71577,1,7.98,19.94
71577,2,7.98,19.94
71577,3,7.98,19.94
71577,4,7.98,19.94
71577,99,2.99,16.95
70113,1,6.78,16.94
70113,2,6.78,16.94
70113,99,2.54,14.4
70129,1,6.78,16.94
70129,2,6.78,16.94
70129,99,2.54,14.4
70133,1,5.98,14.94
70133,2,5.98,14.94
70133,3,5.98,14.94
70133,4,5.98,14.94
70133,99,2.24,12.7
71021,1,5.98,14.94
71021,2,5.98,14.94
71021,3,5.98,14.94
71021,4,5.98,14.94
71021,99,2.24,12.7
70561,1,5.98,14.94
70561,2,5.98,14.94
70561,99,2.24,12.7
70097,1,5.18,12.94
70097,2,5.18,12.94
70097,99,1.94,11
71397,1,13.18,32.94
71397,2,13.18,32.94
71397,3,13.18,32.94
71397,4,13.18,32.94
71397,99,4.94,28
70633,1,13.18,32.94
70633,2,13.18,32.94
70633,3,13.18,32.94
70633,4,13.18,32.94
71051,1,13.98,34.94
71051,2,13.98,34.94
71051,3,13.98,34.94
71051,4,13.98,34.94
71051,99,5.24,29.7
70679,1,2.78,6.94
70679,2,2.78,6.94
70679,3,2.78,6.94
70679,4,2.78,6.94
70679,99,1.04,5.9
70425,1,5.18,12.94
70425,2,5.18,12.94
70425,3,5.18,12.94
70425,4,5.18,12.94
70425,99,1.94,11
69449,1,3.4,8.5
69449,2,3.4,8.5
69449,99,1.28,7.23
71059,1,5.98,14.94
71059,2,5.98,14.94
71059,3,5.98,14.94
71059,4,5.98,14.94
71059,99,2.24,12.7
71425,1,15.98,39.94
71425,2,15.98,39.94
71425,99,5.99,33.95
70737,1,11.98,29.94
70737,2,11.98,29.94
70737,99,4.49,25.45
71353,1,11.98,29.94
71353,2,11.98,29.94
71353,3,11.98,29.94
71353,4,11.98,29.94
71353,99,4.49,25.45
70641,1,11.98,29.94
70641,2,11.98,29.94
70641,3,11.98,29.94
70641,4,11.98,29.94
70641,99,4.49,25.45
69853,1,3.98,9.94
69853,2,3.98,9.94
69853,3,3.98,9.94
69853,4,3.98,9.94
69853,99,1.49,8.45
70647,1,7.98,19.94
70647,2,7.98,19.94
70647,99,2.99,16.95
69861,1,6.78,16.94
69861,2,6.78,16.94
69861,99,2.54,14.4
71297,1,6.78,16.94
71297,2,6.78,16.94
71297,3,6.78,16.94
71297,4,6.78,16.94
71297,99,2.54,14.4
71267,1,6.78,16.94
71267,2,6.78,16.94
71267,3,6.78,16.94
71267,4,6.78,16.94
71267,99,2.54,14.4
71087,1,7.98,19.94
71087,2,7.98,19.94
71087,3,7.98,19.94
71087,4,7.98,19.94
71087,99,2.99,16.95
71555,1,6.78,16.94
71555,2,6.78,16.94
71555,3,6.78,16.94
71555,4,6.78,16.94
71555,99,2.54,14.4
71497,1,5.98,14.94
71497,2,5.98,14.94
71497,3,5.98,14.94
71497,4,5.98,14.94
71497,99,2.24,12.7
71707,1,7.98,19.94
71707,2,7.98,19.94
71707,3,7.98,19.94
71707,4,7.98,19.94
71707,99,2.99,16.95
69967,1,5.18,12.94
69967,2,5.18,12.94
69967,99,1.94,11
69967,3,5.18,12.94
69967,4,5.18,12.94
69797,1,5.98,14.94
69797,2,5.98,14.94
69797,99,2.24,12.7
69847,1,5.98,14.94
69847,2,5.98,14.94
69847,99,2.24,12.7
70159,1,14.78,36.94
70159,2,14.78,36.94
70159,3,14.78,36.94
70159,4,14.78,36.94
70159,99,5.54,31.4
70649,1,13.98,34.94
70649,2,13.98,34.94
70649,99,5.24,29.7
72471,1,9.98,24.94
72471,2,9.98,24.94
72471,3,9.98,24.94
72471,4,9.98,24.94
72471,99,3.74,21.2
72473,1,11.98,29.94
72473,2,11.98,29.94
72473,99,4.49,25.45
69325,1,9.98,24.94
69325,2,9.98,24.94
69325,99,3.74,21.2
69745,1,10.78,26.94
69745,2,10.78,26.94
69745,99,4.04,22.9
70953,1,10.78,26.94
70953,2,10.78,26.94
70953,99,4.04,22.9
69697,1,9.18,22.94
69697,2,9.18,22.94
69697,99,3.44,19.5
71399,1,10.78,26.94
71399,2,10.78,26.94
71399,3,10.78,26.94
71399,4,10.78,26.94
71399,99,4.04,22.9
71407,1,10.78,26.94
71407,2,10.78,26.94
71407,3,10.78,26.94
71407,4,10.78,26.94
71407,99,4.04,22.9
71241,1,11.98,29.94
71241,2,11.98,29.94
71241,3,11.98,29.94
71241,4,11.98,29.94
71241,99,4.49,25.45
71363,1,9.18,22.94
71363,2,9.18,22.94
71363,3,9.18,22.94
71363,4,9.18,22.94
71363,99,3.44,19.5
69103,1,9.98,24.94
69103,2,9.98,24.94
69103,99,3.74,21.2
64517,1,6.78,16.94
64517,2,6.78,16.94
64517,3,6.78,16.94
64517,4,6.78,16.94
64517,99,2.54,14.4
68683,1,9.98,24.94
68683,2,9.98,24.94
68683,99,3.74,21.2
68683,3,9.98,24.94
68683,4,9.98,24.94
71583,1,15.98,39.94
71583,2,15.98,39.94
71583,3,15.98,39.94
71583,4,15.98,39.94
71583,99,5.99,33.95
72749,1,11.98,29.94
72749,2,11.98,29.94
72749,3,11.98,29.94
72749,4,11.98,29.94
72749,99,4.49,25.45
71433,1,10.78,26.94
71433,2,10.78,26.94
71433,99,4.04,22.9
71035,1,14.78,36.94
71035,2,14.78,36.94
71035,3,14.78,36.94
71035,4,14.78,36.94
71035,99,5.54,31.4
70985,1,13.18,32.94
70985,2,13.18,32.94
70985,99,4.94,28
71017,1,11.98,29.94
71017,2,11.98,29.94
71017,3,11.98,29.94
71017,4,11.98,29.94
71017,99,4.49,25.45
70437,1,10.78,26.94
70437,2,10.78,26.94
70437,3,10.78,26.94
70437,4,10.78,26.94
70437,99,4.04,22.9
69777,1,11.98,29.94
69777,2,11.98,29.94
69777,99,4.49,25.45
71435,1,17.98,44.94
71435,2,17.98,44.94
71435,99,6.74,38.2
72493,99,2.24,12.7
71439,1,11.98,29.94
71439,2,11.98,29.94
71439,3,11.98,29.94
71439,4,11.98,29.94
71439,99,4.49,25.45
69063,1,11.98,29.94
69063,2,11.98,29.94
69063,99,4.49,25.45
71437,1,13.98,34.94
71437,2,13.98,34.94
71437,99,5.24,29.7
69453,1,13.98,34.94
69453,2,13.98,34.94
69453,99,5.24,29.7
69453,3,13.98,34.94
69453,4,13.98,34.94
72493,3,5.98,14.94
72493,4,5.98,14.94
72747,1,15.98,39.94
72747,2,15.98,39.94
72747,3,15.98,39.94
72747,4,15.98,39.94
72747,99,5.99,33.95
71223,1,5.98,14.94
71223,2,5.98,14.94
71223,99,2.24,12.7
72495,1,9.98,24.94
72495,2,9.98,24.94
72495,3,9.98,24.94
72495,4,9.98,24.94
72495,99,3.74,21.2
71223,3,5.98,14.94
71223,4,5.98,14.94
71387,1,5.98,14.94
71387,2,5.98,14.94
71387,3,5.98,14.94
71387,4,5.98,14.94
71387,99,2.24,12.7
70381,1,13.18,32.94
70381,2,13.18,32.94
70381,3,13.18,32.94
70381,4,13.18,32.94
70381,99,4.94,28
68617,1,5.98,14.94
68617,2,5.98,14.94
68617,99,2.24,12.7
68873,1,5.18,12.94
68873,2,5.18,12.94
68873,99,1.94,11
68925,1,4.38,10.94
68925,2,4.38,10.94
68925,99,1.64,9.3
70383,1,5.98,14.94
70383,2,5.98,14.94
70383,99,2.24,12.7
69935,1,6.78,16.94
69935,2,6.78,16.94
69935,99,2.54,14.4
71245,1,7.98,19.94
71245,2,7.98,19.94
71245,99,2.99,16.95
69855,1,6.78,16.94
69855,2,6.78,16.94
69855,99,2.54,14.4
70801,1,7.98,19.94
70801,2,7.98,19.94
70801,99,2.99,16.95
71225,1,5.18,12.94
71225,2,5.18,12.94
71225,3,5.18,12.94
71225,4,5.18,12.94
71225,99,1.94,11
69815,1,7.98,19.94
69815,2,7.98,19.94
69815,99,2.99,16.95
69929,1,7.98,19.94
69929,2,7.98,19.94
69929,99,2.99,16.95
64689,1,9.18,22.94
64689,2,9.18,22.94
64689,99,3.44,19.5
69917,1,6.78,16.94
69917,2,6.78,16.94
69917,3,6.78,16.94
69917,4,6.78,16.94
69917,99,2.54,14.4
57281,1,6.78,16.94
57281,2,6.78,16.94
57281,3,6.78,16.94
57281,4,6.78,16.94
57281,99,2.54,14.4
69809,1,5.98,14.94
69809,2,5.98,14.94
69809,99,2.24,12.7
69823,1,5.98,14.94
69823,2,5.98,14.94
69823,99,2.24,12.7
71049,1,5.98,14.94
71049,2,5.98,14.94
71049,99,2.24,12.7
71065,1,13.18,32.94
71065,2,13.18,32.94
71065,99,4.94,28
69365,1,14.78,36.94
69365,2,14.78,36.94
69365,3,14.78,36.94
69365,99,5.54,31.4
71325,1,9.18,22.94
71325,2,9.18,22.94
71325,3,9.18,22.94
71325,4,9.18,22.94
71325,99,3.44,19.5
72857,1,13.98,34.94
72857,2,13.98,34.94
72857,3,13.98,34.94
72857,4,13.98,34.94
72857,99,5.24,29.7
71005,1,13.98,34.94
71005,2,13.98,34.94
71005,3,13.98,34.94
71005,4,13.98,34.94
71005,99,5.24,29.7
71279,1,7.98,19.94
71279,2,7.98,19.94
71279,3,7.98,19.94
71279,4,7.98,19.94
71279,99,2.99,16.95
71257,1,7.98,19.94
71257,2,7.98,19.94
71257,3,7.98,19.94
71257,4,7.98,19.94
71257,99,2.99,16.95
71233,1,6.78,16.94
71233,2,6.78,16.94
71233,3,6.78,16.94
71233,4,6.78,16.94
71233,99,2.54,14.4
71247,1,5.98,14.94
71247,2,5.98,14.94
71247,3,5.98,14.94
71247,4,5.98,14.94
71247,99,2.24,12.7
71341,1,5.98,14.94
71341,2,5.98,14.94
71341,3,5.98,14.94
71341,4,5.98,14.94
71341,99,2.24,12.7
71925,1,5.18,12.94
71925,2,5.18,12.94
71925,3,5.18,12.94
71925,4,5.18,12.94
71925,99,1.94,11
69615,1,11.98,29.94
69615,2,11.98,29.94
69615,99,4.49,25.45
71563,1,15.98,39.94
71563,2,15.98,39.94
71563,3,15.98,39.94
71563,4,15.98,39.94
71563,99,5.99,33.95
71075,1,13.98,34.94
71075,2,13.98,34.94
71075,99,5.24,29.7
71781,1,11.98,29.94
71781,2,11.98,29.94
71781,99,4.49,25.45
70681,1,11.98,29.94
70681,2,11.98,29.94
70681,3,11.98,29.94
70681,4,11.98,29.94
70681,99,4.49,25.45
71889,3,7.98,19.94
72071,4,6.78,16.94
71889,4,7.98,19.94
71043,1,2,5
71043,2,2,5
71043,99,0.75,4.25
70915,1,1.58,3.94
70915,2,1.58,3.94
70915,3,1.58,3.94
70915,99,0.59,3.35
70915,4,1.58,3.94
71491,1,7.98,19.94
71491,2,7.98,19.94
71491,3,7.98,19.94
71491,4,7.98,19.94
71491,99,2.99,16.95
71891,1,3.98,9.94
71891,2,3.98,9.94
71891,3,3.98,9.94
71891,99,1.49,8.45
70757,1,10.78,26.94
70757,2,10.78,26.94
70757,3,10.78,26.94
70757,4,10.78,26.94
70757,99,4.04,22.9
56799,1,7.18,17.94
56799,2,7.18,17.94
56799,3,7.18,17.94
56799,99,2.69,15.25
69895,1,6.78,16.94
69895,2,6.78,16.94
69895,3,6.78,16.94
69895,99,2.54,14.4
69945,1,7.18,17.94
69945,2,7.18,17.94
69945,3,7.18,17.94
69945,99,2.69,15.25
56801,1,7.58,18.94
56801,2,7.58,18.94
56801,3,7.58,18.94
56801,99,2.84,16.1
56803,1,9.18,22.94
56803,2,9.18,22.94
56803,3,9.18,22.94
56803,99,3.44,19.5
72559,1,6.78,16.94
72559,2,6.78,16.94
72559,3,6.78,16.94
72559,99,2.54,14.4
56805,1,7.58,18.94
56805,2,7.58,18.94
56805,3,7.58,18.94
56805,99,2.84,16.1
71095,1,5.18,12.94
71095,2,5.18,12.94
71095,3,5.18,12.94
71095,99,1.94,11
71229,1,9.18,22.94
71229,2,9.18,22.94
71229,3,9.18,22.94
71229,99,3.44,19.5
72561,1,5.98,14.94
72561,2,5.98,14.94
72561,99,2.24,12.7
72563,1,5.98,14.94
72563,2,5.98,14.94
72563,99,2.24,12.7
70645,1,5.18,12.94
70645,2,5.18,12.94
70645,3,5.18,12.94
70645,4,5.18,12.94
70645,99,1.94,11
72567,1,5.98,14.94
72567,2,5.98,14.94
72567,3,5.98,14.94
72567,4,5.98,14.94
72567,99,2.24,12.7
71003,1,4.38,10.94
71003,2,4.38,10.94
71003,3,4.38,10.94
71003,4,4.38,10.94
71003,99,1.64,9.3
72527,1,5.18,12.94
72527,2,5.18,12.94
72527,99,1.94,11
72531,1,4.38,10.94
72531,2,4.38,10.94
72531,99,1.64,9.3
72533,1,5.18,12.94
72533,2,5.18,12.94
72533,99,1.94,11
70729,1,7.98,19.94
70729,2,7.98,19.94
70729,99,2.99,16.95
69961,1,7.58,18.94
69961,2,7.58,18.94
69961,3,7.58,18.94
69961,99,2.84,16.1
72535,1,5.18,12.94
72535,2,5.18,12.94
72535,3,5.18,12.94
72535,4,5.18,12.94
72535,99,1.94,11
72537,1,5.18,12.94
72537,2,5.18,12.94
72537,3,5.18,12.94
72537,4,5.18,12.94
72537,99,1.94,11
72555,1,3.98,9.94
72555,2,3.98,9.94
72555,3,3.98,9.94
72555,4,3.98,9.94
72555,99,1.49,8.45
72541,1,4.38,10.94
72541,2,4.38,10.94
72541,3,4.38,10.94
72541,4,4.38,10.94
72541,99,1.64,9.3
71933,1,7.98,19.94
71933,2,7.98,19.94
71933,99,2.99,16.95
70789,1,7.98,19.94
70789,2,7.98,19.94
70789,3,7.98,19.94
70789,4,7.98,19.94
70789,99,2.99,16.95
70637,1,6.78,16.94
70637,2,6.78,16.94
70637,3,6.78,16.94
70637,4,6.78,16.94
70637,99,2.54,14.4
70479,1,9.98,24.94
70479,2,9.98,24.94
70479,3,9.98,24.94
70479,4,9.98,24.94
70479,99,3.74,21.2
70415,1,9.18,22.94
70415,2,9.18,22.94
70415,3,9.18,22.94
70415,4,9.18,22.94
70415,99,3.44,19.5
70783,1,7.98,19.94
70783,2,7.98,19.94
70783,3,7.98,19.94
70783,4,7.98,19.94
70783,99,2.99,16.95
71617,1,11.98,29.94
71617,2,11.98,29.94
71617,3,11.98,29.94
71617,4,11.98,29.94
71617,99,4.49,25.45
70717,1,7.58,18.94
70717,2,7.58,18.94
70717,3,7.58,18.94
70717,4,7.58,18.94
70717,99,2.84,16.1
71551,1,9.18,22.94
71551,2,9.18,22.94
71551,3,9.18,22.94
71551,4,9.18,22.94
71551,99,3.44,19.5
70917,1,3.98,9.94
70917,2,3.98,9.94
70917,99,1.49,8.45
71255,1,5.98,14.94
71255,2,5.98,14.94
71255,3,5.98,14.94
71255,4,5.98,14.94
71255,99,2.24,12.7
71331,1,5.18,12.94
71331,2,5.18,12.94
71331,3,5.18,12.94
71331,4,5.18,12.94
71331,99,1.94,11
71019,1,5.18,12.94
71019,2,5.18,12.94
71019,3,5.18,12.94
71019,4,5.18,12.94
71019,99,1.94,11
71379,1,5.18,12.94
71379,2,5.18,12.94
71379,3,5.18,12.94
71379,4,5.18,12.94
71379,99,1.94,11
70695,1,5.18,12.94
70695,2,5.18,12.94
70695,3,5.18,12.94
70695,4,5.18,12.94
70695,99,1.94,11
71295,1,5.18,12.94
71295,2,5.18,12.94
71295,3,5.18,12.94
71295,4,5.18,12.94
71295,99,1.94,11
70607,1,5.18,12.94
70607,2,5.18,12.94
70607,3,5.18,12.94
70607,4,5.18,12.94
70607,99,1.94,11
69963,1,5.18,12.94
69963,2,5.18,12.94
69963,99,1.94,11
69817,1,6.78,16.94
69817,2,6.78,16.94
69817,99,2.54,14.4
69869,1,6.78,16.94
69869,2,6.78,16.94
69869,99,2.54,14.4
69955,1,7.98,19.94
69955,2,7.98,19.94
69955,99,2.99,16.95
69841,1,6.78,16.94
69841,2,6.78,16.94
69841,99,2.54,14.4
69957,1,6.78,16.94
69957,2,6.78,16.94
69957,99,2.54,14.4
71403,1,5.98,14.94
71403,2,5.98,14.94
71403,3,5.98,14.94
71403,4,5.98,14.94
71403,99,2.24,12.7
68961,1,13.98,34.94
68961,2,13.98,34.94
68961,3,13.98,34.94
68961,4,13.98,34.94
68961,99,5.24,29.7
71173,1,7.98,19.94
71173,2,7.98,19.94
71173,3,7.98,19.94
71173,4,7.98,19.94
71173,99,2.99,16.95
70851,1,6.78,16.94
70851,2,6.78,16.94
70851,3,6.78,16.94
70851,4,6.78,16.94
70851,99,2.54,14.4
71901,1,2.6,6.5
71901,2,2.6,6.5
71901,3,2.6,6.5
71901,4,2.6,6.5
71901,99,0.98,5.53
69871,1,5.18,12.94
69871,2,5.18,12.94
69871,3,5.18,12.94
69871,4,5.18,12.94
69871,99,1.94,11
72551,1,5.18,12.94
72551,2,5.18,12.94
72551,3,5.18,12.94
72551,4,5.18,12.94
72551,99,1.94,11
71037,1,3.98,9.94
71037,2,3.98,9.94
71037,3,3.98,9.94
71037,4,3.98,9.94
71037,99,1.49,8.45
71045,1,5.18,12.94
71045,2,5.18,12.94
71045,3,5.18,12.94
71045,4,5.18,12.94
71045,99,1.94,11
57077,1,5.98,14.94
57077,2,5.98,14.94
57077,99,2.24,12.7
71101,1,3.98,9.94
71101,2,3.98,9.94
71101,3,3.98,9.94
71101,4,3.98,9.94
71101,99,1.49,8.45
70955,1,3.98,9.94
70955,2,3.98,9.94
70955,3,3.98,9.94
70955,4,3.98,9.94
70955,99,1.49,8.45
71367,1,3.98,9.94
71367,2,3.98,9.94
71367,3,3.98,9.94
71367,99,1.49,8.45
70653,1,4.38,10.94
70653,2,4.38,10.94
70653,99,1.64,9.3
70743,1,4.38,10.94
70743,2,4.38,10.94
70743,3,4.38,10.94
70743,99,1.64,9.3
71293,1,5.18,12.94
71293,2,5.18,12.94
71293,3,5.18,12.94
71293,4,5.18,12.94
71293,99,1.94,11
71453,1,4.38,10.94
71453,2,4.38,10.94
71453,3,4.38,10.94
71453,4,4.38,10.94
71453,99,1.64,9.3
70351,1,11.98,29.94
70351,2,11.98,29.94
70351,3,11.98,29.94
70351,4,11.98,29.94
70351,99,4.49,25.45
71023,1,5.18,12.94
71023,2,5.18,12.94
71023,3,5.18,12.94
71023,99,1.94,11
70703,1,4.38,10.94
70703,2,4.38,10.94
70703,3,4.38,10.94
70703,99,1.64,9.3
72277,1,3.98,9.94
72277,2,3.98,9.94
72277,3,3.98,9.94
72277,4,3.98,9.94
72277,99,1.49,8.45
64779,1,5.18,12.94
64779,2,5.18,12.94
64779,3,5.18,12.94
64779,99,1.94,11
71361,1,4.38,10.94
71361,2,4.38,10.94
71361,3,4.38,10.94
71361,4,4.38,10.94
71361,99,1.64,9.3
70991,1,3.98,9.94
70991,2,3.98,9.94
70991,3,3.98,9.94
70991,4,3.98,9.94
70991,99,1.49,8.45
71011,1,5.98,14.94
71011,2,5.98,14.94
71011,3,5.98,14.94
71011,4,5.98,14.94
71011,99,2.24,12.7
71505,1,5.18,12.94
71505,2,5.18,12.94
71505,3,5.18,12.94
71505,4,5.18,12.94
71505,99,1.94,11
70969,1,5.98,14.94
70969,2,5.98,14.94
70969,3,5.98,14.94
70969,4,5.98,14.94
70969,99,2.24,12.7
71523,1,5.98,14.94
71523,2,5.98,14.94
71523,3,5.98,14.94
71523,4,5.98,14.94
71523,99,2.24,12.7
71421,1,5.18,12.94
71421,2,5.18,12.94
71421,3,5.18,12.94
71421,4,5.18,12.94
71421,99,1.94,11
70539,1,13.98,34.94
70539,2,13.98,34.94
70539,3,13.98,34.94
70539,4,13.98,34.94
70539,99,5.24,29.7
71369,1,9.98,24.94
71369,2,9.98,24.94
71369,3,9.98,24.94
71369,4,9.98,24.94
71369,99,3.74,21.2
69947,1,4.38,10.94
69947,2,4.38,10.94
69947,3,4.38,10.94
69947,4,4.38,10.94
69947,99,1.64,9.3
70419,1,9.98,24.94
70419,2,9.98,24.94
70419,99,3.74,21.2
70065,1,6.78,16.94
70065,2,6.78,16.94
70065,3,6.78,16.94
70065,99,2.54,14.4
70069,1,5.98,14.94
70069,2,5.98,14.94
70069,3,5.98,14.94
70069,4,5.98,14.94
70069,99,2.24,12.7
71129,1,5.98,14.94
71129,2,5.98,14.94
71129,3,5.98,14.94
71129,99,2.24,12.7
71129,4,5.98,14.94
70061,1,5.18,12.94
70061,2,5.18,12.94
70061,3,5.18,12.94
70061,4,5.18,12.94
70061,99,1.94,11
72289,1,5.18,12.94
72289,2,5.18,12.94
72289,3,5.18,12.94
72289,4,5.18,12.94
72289,99,1.94,11
71863,1,6.78,16.94
71863,2,6.78,16.94
71863,3,6.78,16.94
71863,4,6.78,16.94
71863,99,2.54,14.4
72293,1,5.98,14.94
72293,2,5.98,14.94
72293,3,5.98,14.94
72293,4,5.98,14.94
72293,99,2.24,12.7
71329,1,5.18,12.94
71329,2,5.18,12.94
71329,3,5.18,12.94
71329,4,5.18,12.94
71329,99,1.94,11
69971,1,6.78,16.94
69971,2,6.78,16.94
69971,99,2.54,14.4
70929,1,4.38,10.94
70929,2,4.38,10.94
70929,99,1.64,9.3
69885,1,4.38,10.94
69885,2,4.38,10.94
69885,99,1.64,9.3
71109,1,4.38,10.94
71109,2,4.38,10.94
71109,99,1.64,9.3
71313,1,3.98,9.94
71313,2,3.98,9.94
71313,3,3.98,9.94
71313,4,3.98,9.94
71313,99,1.49,8.45
71579,1,5.98,14.94
71579,2,5.98,14.94
71579,3,5.98,14.94
71579,4,5.98,14.94
71579,99,2.24,12.7
70921,1,11.98,29.94
70921,2,11.98,29.94
70921,3,11.98,29.94
70921,4,11.98,29.94
70921,99,4.49,25.45
71549,1,3.58,8.94
71549,2,3.58,8.94
71549,3,3.58,8.94
71549,4,3.58,8.94
71549,99,1.34,7.6
71573,1,5.18,12.94
71573,2,5.18,12.94
71573,3,5.18,12.94
71573,4,5.18,12.94
71573,99,1.94,11
71487,1,13.98,34.94
71487,2,13.98,34.94
71487,3,13.98,34.94
71487,4,13.98,34.94
71487,99,5.24,29.7
71025,1,11.98,29.94
71025,2,11.98,29.94
71025,3,11.98,29.94
71025,4,11.98,29.94
71025,99,4.49,25.45
70353,1,11.98,29.94
70353,2,11.98,29.94
70353,3,11.98,29.94
70353,4,11.98,29.94
70353,99,4.49,25.45
71417,1,11.98,29.94
71417,2,11.98,29.94
71417,3,11.98,29.94
71417,4,11.98,29.94
71417,99,4.49,25.45
70943,1,9.98,24.94
70943,2,9.98,24.94
70943,3,9.98,24.94
70943,4,9.98,24.94
70365,1,10.78,26.94
70365,2,10.78,26.94
70365,3,10.78,26.94
70365,4,10.78,26.94
70365,99,4.04,22.9
71159,1,2,5
71159,2,2,5
71159,99,0.75,4.25
71875,1,6.78,16.94
71875,2,6.78,16.94
71875,3,6.78,16.94
71875,99,2.54,14.4
71719,1,5.18,12.94
71719,2,5.18,12.94
71719,3,5.18,12.94
71719,4,5.18,12.94
71719,99,1.94,11
297,1,5.98,14.94
297,2,5.98,14.94
297,3,5.98,14.94
297,99,2.24,12.7
65117,1,6.78,16.94
65117,2,6.78,16.94
65117,3,6.78,16.94
65117,99,2.54,14.4
70749,1,9.18,22.94
70749,2,9.18,22.94
70749,99,3.44,19.5
38879,4,5.18,12.94
72759,1,3.98,9.94
72759,2,3.98,9.94
72759,3,3.98,9.94
72759,4,3.98,9.94
72759,99,1.49,8.45
70807,3,5.98,14.94
70807,4,5.98,14.94
70993,1,3.98,9.94
70993,2,3.98,9.94
70993,3,3.98,9.94
70993,4,3.98,9.94
70993,99,1.49,8.45
70715,1,4.38,10.94
70715,2,4.38,10.94
70715,99,1.64,9.3
72249,4,5.18,12.94
56825,1,6.78,16.94
56825,2,6.78,16.94
56825,3,6.78,16.94
56825,99,2.54,14.4
72571,1,6.78,16.94
72571,2,6.78,16.94
72571,3,6.78,16.94
72571,4,6.78,16.94
72571,99,2.54,14.4
1813,1,11.98,29.94
1813,2,11.98,29.94
1813,3,11.98,29.94
1813,4,11.98,29.94
1813,99,4.49,25.45
70981,1,7.98,19.94
70981,2,7.98,19.94
70981,3,7.98,19.94
70981,99,2.99,16.95
57485,1,7.98,19.94
57485,2,7.98,19.94
57485,3,7.98,19.94
57485,99,2.99,16.95
71539,1,7.98,19.94
71539,2,7.98,19.94
71539,3,7.98,19.94
71539,4,7.98,19.94
71539,99,2.99,16.95
71567,1,7.98,19.94
71567,2,7.98,19.94
71567,3,7.98,19.94
71567,4,7.98,19.94
71567,99,2.99,16.95
71307,1,7.98,19.94
71307,2,7.98,19.94
71307,3,7.98,19.94
71307,4,7.98,19.94
71307,99,2.99,16.95
71333,1,7.98,19.94
71333,2,7.98,19.94
71333,3,7.98,19.94
71333,4,7.98,19.94
71333,99,2.99,16.95
70457,1,7.98,19.94
70457,2,7.98,19.94
70457,3,7.98,19.94
70457,4,7.98,19.94
70457,99,2.99,16.95
71395,1,9.18,22.94
71395,2,9.18,22.94
71395,3,9.18,22.94
71395,4,9.18,22.94
71395,99,3.44,19.5
70671,1,7.18,17.94
70671,2,7.18,17.94
70671,3,7.18,17.94
70671,4,7.18,17.94
70671,99,2.69,15.25
72269,1,3.58,8.94
72269,2,3.58,8.94
72269,3,3.58,8.94
72269,4,3.58,8.94
72269,99,1.34,7.6
72511,1,5.98,14.94
72511,2,5.98,14.94
72511,3,5.98,14.94
72511,4,5.98,14.94
72511,99,2.24,12.7
72265,4,3.98,9.94
72849,1,6.78,16.94
72849,2,6.78,16.94
72849,99,2.54,14.4
72849,3,6.78,16.94
72849,4,6.78,16.94
70231,1,7.58,18.94
70231,2,7.58,18.94
70231,99,2.84,16.1
72851,1,6.78,16.94
72851,2,6.78,16.94
72851,99,2.54,14.4
72257,1,3.98,9.94
72257,2,3.98,9.94
72257,3,3.98,9.94
72257,99,1.49,8.45
70803,1,6.78,16.94
70803,2,6.78,16.94
70803,3,6.78,16.94
70803,4,6.78,16.94
71151,3,6.78,16.94
71151,4,6.78,16.94
70625,1,7.98,19.94
70625,2,7.98,19.94
70625,3,7.98,19.94
70625,4,7.98,19.94
70625,99,2.99,16.95
64355,1,7.98,19.94
64355,2,7.98,19.94
64355,3,7.98,19.94
64355,99,2.99,16.95
64359,1,7.98,19.94
64359,2,7.98,19.94
64359,3,7.98,19.94
64359,99,2.99,16.95
71091,1,7.98,19.94
71091,2,7.98,19.94
71091,3,7.98,19.94
71091,99,2.99,16.95
71133,1,5.98,14.94
71133,2,5.98,14.94
71133,3,5.98,14.94
71133,4,5.98,14.94
71133,99,2.24,12.7
71317,1,7.98,19.94
71317,2,7.98,19.94
71317,3,7.98,19.94
71317,4,7.98,19.94
71317,99,2.99,16.95
70609,1,5.98,14.94
70609,2,5.98,14.94
70609,99,2.24,12.7
57337,1,3.98,9.94
57337,2,3.98,9.94
57337,3,3.98,9.94
57337,99,1.49,8.45
2821,1,3.98,9.94
2821,2,3.98,9.94
2821,3,3.98,9.94
2821,4,3.98,9.94
2821,99,1.49,8.45
71401,1,5.98,14.94
71401,2,5.98,14.94
71401,3,5.98,14.94
71401,4,5.98,14.94
71401,99,2.24,12.7
70899,3,5.98,14.94
70899,4,5.98,14.94
70809,1,7.98,19.94
70809,2,7.98,19.94
70809,99,2.99,16.95
70071,1,5.98,14.94
70071,2,5.98,14.94
70071,3,5.98,14.94
70071,99,2.24,12.7
71077,1,9.18,22.94
71077,2,9.18,22.94
71077,3,9.18,22.94
71077,4,9.18,22.94
559,1,5.98,14.94
559,2,5.98,14.94
559,3,5.98,14.94
559,4,5.98,14.94
71041,1,2,5
71041,2,2,5
71041,3,2,5
71041,99,0.75,4.25
71007,1,2,5
71007,2,2,5
71007,99,0.75,4.25
70787,1,5.18,12.94
70787,2,5.18,12.94
70787,3,5.18,12.94
70787,99,1.94,11
1409,1,3.98,9.94
1409,2,3.98,9.94
1409,3,3.98,9.94
1409,4,3.98,9.94
70721,1,13.98,34.94
70721,2,13.98,34.94
70721,3,13.98,34.94
70721,4,13.98,34.94
70721,99,5.24,29.7
71529,1,14.78,36.94
71529,2,14.78,36.94
71529,3,14.78,36.94
71529,4,14.78,36.94
71529,99,5.54,31.4
71873,1,3.98,9.94
71873,2,3.98,9.94
71873,3,3.98,9.94
71873,4,3.98,9.94
71873,99,1.49,8.45
68929,1,5.98,14.94
68929,2,5.98,14.94
68929,3,5.98,14.94
68929,4,5.98,14.94
68929,99,2.24,12.7
72241,1,3.58,8.94
72241,2,3.58,8.94
72241,99,1.34,7.6
71537,1,6.78,16.94
71537,2,6.78,16.94
71537,3,6.78,16.94
71537,4,6.78,16.94
71537,99,2.54,14.4
70377,1,19.98,49.94
70377,2,19.98,49.94
70377,99,7.49,42.45
71475,1,3.18,7.94
71475,2,3.18,7.94
71475,3,3.18,7.94
71475,4,3.18,7.94
71475,99,1.19,6.75
71479,1,7.98,19.94
71479,2,7.98,19.94
71479,3,7.98,19.94
71479,4,7.98,19.94
71479,99,2.99,16.95
71471,1,7.98,19.94
71471,2,7.98,19.94
71471,3,7.98,19.94
71471,4,7.98,19.94
71471,99,2.99,16.95
71575,1,7.98,19.94
71575,2,7.98,19.94
71575,3,7.98,19.94
71575,4,7.98,19.94
71575,99,2.99,16.95
68893,1,9.98,24.94
68893,2,9.98,24.94
68893,3,9.98,24.94
68893,4,9.98,24.94
68893,99,3.74,21.2
69383,1,11.98,29.94
69383,2,11.98,29.94
69383,99,4.49,25.45
70439,1,7.58,18.94
70439,2,7.58,18.94
70439,99,2.84,16.1
71357,1,7.18,17.94
71357,2,7.18,17.94
71357,3,7.18,17.94
71357,4,7.18,17.94
71357,99,2.69,15.25
71521,1,5.98,14.94
71521,2,5.98,14.94
71521,3,5.98,14.94
71521,4,5.98,14.94
71521,99,2.24,12.7
71253,1,3.98,9.94
71253,2,3.98,9.94
71253,3,3.98,9.94
71253,4,3.98,9.94
71253,99,1.49,8.45
70627,1,5.18,12.94
70627,2,5.18,12.94
70627,3,5.18,12.94
70627,99,1.94,11
71493,1,11.98,29.94
71493,2,11.98,29.94
71493,3,11.98,29.94
71493,4,11.98,29.94
71493,99,4.49,25.45
70443,1,7.98,19.94
70443,2,7.98,19.94
70443,3,7.98,19.94
70443,4,7.98,19.94
70443,99,2.99,16.95
70073,1,6.78,16.94
70073,2,6.78,16.94
70073,3,6.78,16.94
70073,4,6.78,16.94
70073,99,2.54,14.4
56885,1,7.18,17.94
56885,2,7.18,17.94
56885,3,7.18,17.94
56885,99,2.69,15.25
69129,1,9.98,24.94
69129,2,9.98,24.94
69129,3,9.98,24.94
69129,4,9.98,24.94
69129,99,3.74,21.2
71445,1,2,5
71445,2,2,5
71445,3,2,5
71445,99,0.75,4.25
71447,1,5.18,12.94
71447,2,5.18,12.94
71447,3,5.18,12.94
71447,99,1.94,11
71163,1,5.98,14.94
71163,2,5.98,14.94
71163,3,5.98,14.94
71163,99,2.24,12.7
70063,1,6.78,16.94
70063,2,6.78,16.94
70063,3,6.78,16.94
70063,4,6.78,16.94
70063,99,2.54,14.4
72235,3,3.98,9.94
72515,1,5.18,12.94
72515,2,5.18,12.94
72515,3,5.18,12.94
72515,4,5.18,12.94
72515,99,1.94,11
72843,3,5.18,12.94
72843,4,5.18,12.94
72235,4,3.98,9.94
56887,1,7.98,19.94
56887,2,7.98,19.94
56887,3,7.98,19.94
56887,99,2.99,16.95
70631,1,10.78,26.94
70631,2,10.78,26.94
70631,99,4.04,22.9
71033,1,9.98,24.94
71033,2,9.98,24.94
71033,99,3.74,21.2
72865,1,5.18,12.94
72865,2,5.18,12.94
72865,3,5.18,12.94
72865,4,5.18,12.94
72865,99,1.94,11
71079,1,5.98,14.94
71079,2,5.98,14.94
71079,99,2.24,12.7
71547,1,7.18,17.94
71547,2,7.18,17.94
71547,99,2.69,15.25
72557,1,6.78,16.94
72557,2,6.78,16.94
72557,3,6.78,16.94
72557,4,6.78,16.94
72557,99,2.54,14.4
72261,1,5.18,12.94
72261,2,5.18,12.94
72261,3,5.18,12.94
72261,4,5.18,12.94
72261,99,1.94,11
72757,1,6.78,16.94
72757,2,6.78,16.94
72757,3,6.78,16.94
72757,4,6.78,16.94
72757,99,2.54,14.4
69999,1,7.98,19.94
69999,2,7.98,19.94
69999,3,7.98,19.94
69999,4,7.98,19.94
69999,99,2.99,16.95
69983,1,9.98,24.94
69983,2,9.98,24.94
69983,3,9.98,24.94
69983,4,9.98,24.94
69983,99,3.74,21.2
70495,1,6.78,16.94
70495,2,6.78,16.94
70495,3,6.78,16.94
70495,99,2.54,14.4
72529,1,5.18,12.94
72529,2,5.18,12.94
72529,99,1.94,11
72583,99,1.94,11
69771,1,9.98,24.94
69771,2,9.98,24.94
69771,3,9.98,24.94
69771,4,9.98,24.94
70417,1,6.78,16.94
70417,2,6.78,16.94
70417,99,2.54,14.4
72529,3,5.18,12.94
72529,4,5.18,12.94
71887,1,5.98,14.94
71887,2,5.98,14.94
71887,3,5.98,14.94
71887,4,5.98,14.94
71887,99,2.24,12.7
72583,3,5.18,12.94
72583,4,5.18,12.94
71685,1,3.98,9.94
71685,2,3.98,9.94
71685,99,1.49,8.45
71877,1,6.78,16.94
71877,2,6.78,16.94
71877,99,2.54,14.4
71213,1,9.18,22.94
71213,2,9.18,22.94
71213,99,3.44,19.5
71205,1,9.18,22.94
71205,2,9.18,22.94
71205,99,3.44,19.5
71205,3,9.18,22.94
71205,4,9.18,22.94
70871,1,9.98,24.94
70871,2,9.98,24.94
70871,99,3.74,21.2
70871,3,9.98,24.94
70871,4,9.98,24.94
71209,1,9.18,22.94
71209,2,9.18,22.94
71209,3,9.18,22.94
71209,4,9.18,22.94
71209,99,3.44,19.5
69805,1,4.38,10.94
69805,2,4.38,10.94
69805,99,1.64,9.3
70767,1,7.98,19.94
70767,2,7.98,19.94
70767,3,7.98,19.94
70767,4,7.98,19.94
70767,99,2.99,16.95
70741,1,7.98,19.94
70741,2,7.98,19.94
70741,3,7.98,19.94
70741,4,7.98,19.94
70741,99,2.99,16.95
70947,1,5.18,12.94
70947,2,5.18,12.94
70947,3,5.18,12.94
70947,4,5.18,12.94
70947,99,1.94,11
71283,1,6.78,16.94
71283,2,6.78,16.94
71283,3,6.78,16.94
71283,4,6.78,16.94
71283,99,2.54,14.4
72513,1,4.38,10.94
72513,2,4.38,10.94
72513,3,4.38,10.94
72513,4,4.38,10.94
72513,99,1.64,9.3
71571,1,9.18,22.94
71571,2,9.18,22.94
71571,3,9.18,22.94
71571,4,9.18,22.94
71571,99,3.44,19.5
71067,1,3.58,8.94
71067,2,3.58,8.94
71067,3,3.58,8.94
71067,4,3.58,8.94
1827,1,3.58,8.94
1827,2,3.58,8.94
1827,3,3.58,8.94
1827,4,3.58,8.94
70685,1,5.18,12.94
70685,2,5.18,12.94
70685,3,5.18,12.94
70685,99,1.94,11
70941,1,15.98,39.94
70941,2,15.98,39.94
70941,3,15.98,39.94
70941,4,15.98,39.94
70941,99,5.99,33.95
72573,1,5.98,14.94
72573,2,5.98,14.94
72573,3,5.98,14.94
72573,4,5.98,14.94
72573,99,2.24,12.7
70713,1,9.98,24.94
70713,2,9.98,24.94
70713,99,3.74,21.2
70977,1,9.98,24.94
70977,2,9.98,24.94
70977,3,9.98,24.94
70977,4,9.98,24.94
70977,99,3.74,21.2
70469,1,11.98,29.94
70469,2,11.98,29.94
70469,3,11.98,29.94
70469,4,11.98,29.94
70469,99,4.49,25.45
70619,1,7.98,19.94
70619,2,7.98,19.94
70619,3,7.98,19.94
70619,4,7.98,19.94
70619,99,2.99,16.95
71231,1,3.58,8.94
71231,2,3.58,8.94
71231,3,3.58,8.94
71231,4,3.58,8.94
71231,99,1.34,7.6
71383,1,6.78,16.94
71383,2,6.78,16.94
71383,3,6.78,16.94
71383,4,6.78,16.94
71383,99,2.54,14.4
65285,1,5.98,14.94
65285,2,5.98,14.94
65285,3,5.98,14.94
65285,99,2.24,12.7
71099,1,5.98,14.94
71099,2,5.98,14.94
71099,3,5.98,14.94
71099,4,5.98,14.94
71099,99,2.24,12.7
65183,1,5.18,12.94
65183,2,5.18,12.94
65183,3,5.18,12.94
65183,99,1.94,11
71601,3,10.78,26.94
71601,4,10.78,26.94
71285,1,5.98,14.94
71285,2,5.98,14.94
71285,99,2.24,12.7
70547,1,9.98,24.94
70547,2,9.98,24.94
70547,3,9.98,24.94
70547,4,9.98,24.94
70547,99,3.74,21.2
71717,1,5.98,14.94
71717,2,5.98,14.94
71717,3,5.98,14.94
71717,99,2.24,12.7
71717,4,5.98,14.94
71713,1,5.98,14.94
71713,2,5.98,14.94
71713,3,5.98,14.94
71713,99,2.24,12.7
71713,4,5.98,14.94
70621,1,10.78,26.94
70621,2,10.78,26.94
70621,99,4.04,22.9
57375,1,3.98,9.94
57375,2,3.98,9.94
57375,3,3.98,9.94
57375,99,1.49,8.45
72239,3,5.18,12.94
72239,4,5.18,12.94
71351,1,9.98,24.94
71351,2,9.98,24.94
71351,3,9.98,24.94
71351,4,9.98,24.94
71351,99,3.74,21.2
70345,99,5.24,29.7
69569,1,15.98,39.94
69569,2,15.98,39.94
69569,99,5.99,33.95
72473,3,11.98,29.94
72473,4,11.98,29.94
70545,1,9.98,24.94
70545,2,9.98,24.94
70545,3,9.98,24.94
70545,4,9.98,24.94
70545,99,3.74,21.2
68685,1,5.18,12.94
68685,2,5.18,12.94
68685,3,5.18,12.94
68685,4,5.18,12.94
68685,99,1.94,11
71237,1,5.18,12.94
71237,2,5.18,12.94
71237,3,5.18,12.94
71237,4,5.18,12.94
71237,99,1.94,11
72543,1,2,5
72543,2,2,5
72543,99,0.75,4.25
69153,1,5.18,12.94
69153,2,5.18,12.94
69153,3,5.18,12.94
69153,4,5.18,12.94
69153,99,1.94,11
70855,99,0.53,2.98
70777,1,5.98,14.94
70777,2,5.98,14.94
70777,3,5.98,14.94
70777,4,5.98,14.94
70777,99,2.24,12.7
70667,1,9.98,24.94
70667,2,9.98,24.94
70667,3,9.98,24.94
70667,4,9.98,24.94
70667,99,3.74,21.2
71633,1,5.98,14.94
71633,2,5.98,14.94
71633,3,5.98,14.94
71633,4,5.98,14.94
71633,99,2.24,12.7
71631,1,6.78,16.94
71631,2,6.78,16.94
71631,3,6.78,16.94
71631,4,6.78,16.94
71631,99,2.54,14.4
71123,1,5.98,14.94
71123,2,5.98,14.94
71123,99,2.24,12.7
1771,1,6.78,16.94
1771,2,6.78,16.94
1771,3,6.78,16.94
1771,4,6.78,16.94
71349,1,7.58,18.94
71349,2,7.58,18.94
71349,99,2.84,16.1
71259,1,14.78,36.94
71259,2,14.78,36.94
71259,3,14.78,36.94
71259,4,14.78,36.94
71259,99,5.54,31.4
2287,1,11.98,29.94
2287,2,11.98,29.94
2287,3,11.98,29.94
2287,4,11.98,29.94
2287,99,4.49,25.45
70691,1,13.18,32.94
70691,2,13.18,32.94
70691,3,13.18,32.94
70691,4,13.18,32.94
70691,99,4.94,28
72839,99,1.49,8.45
71525,1,9.98,24.94
71525,2,9.98,24.94
71525,3,9.98,24.94
71525,4,9.98,24.94
69181,1,10.78,26.94
69181,2,10.78,26.94
69181,3,10.78,26.94
69181,4,10.78,26.94
69181,99,4.04,22.9
71499,1,15.98,39.94
71499,2,15.98,39.94
71499,3,15.98,39.94
71499,4,15.98,39.94
71499,99,5.99,33.95
71737,1,11.98,29.94
71737,2,11.98,29.94
71737,3,11.98,29.94
71737,4,11.98,29.94
71737,99,4.49,25.45
69845,1,6.78,16.94
69845,2,6.78,16.94
69845,99,2.54,14.4
69991,1,13.98,34.94
69991,2,13.98,34.94
69991,99,5.24,29.7
69991,3,13.98,34.94
69991,4,13.98,34.94
70263,99,4.43,25.08
70689,1,7.98,19.94
70689,2,7.98,19.94
70689,3,7.98,19.94
70689,4,7.98,19.94
70689,99,2.99,16.95
69889,1,7.98,19.94
69889,2,7.98,19.94
69889,99,2.99,16.95
69889,3,7.98,19.94
69889,4,7.98,19.94
70657,1,9.18,22.94
70657,2,9.18,22.94
70657,3,9.18,22.94
70657,4,9.18,22.94
70657,99,3.44,19.5
70391,1,7.98,19.94
70391,2,7.98,19.94
70391,3,7.98,19.94
70391,4,7.98,19.94
70391,99,2.99,16.95
70497,1,11.98,29.94
70497,2,11.98,29.94
70497,99,4.49,25.45
71623,1,3.98,9.94
71623,2,3.98,9.94
71623,3,3.98,9.94
71623,4,3.98,9.94
71623,99,1.49,8.45
68661,1,10.78,26.94
68661,2,10.78,26.94
68661,3,10.78,26.94
68661,4,10.78,26.94
71157,1,3.98,9.94
71157,2,3.98,9.94
71157,3,3.98,9.94
71157,4,3.98,9.94
71157,99,1.49,8.45
57895,1,3.98,9.94
57895,2,3.98,9.94
57895,3,3.98,9.94
57895,4,3.98,9.94
57895,99,1.49,8.45
70473,1,5.98,14.94
70473,2,5.98,14.94
70473,3,5.98,14.94
70473,4,5.98,14.94
70473,99,2.24,12.7
725,1,7.18,17.94
725,2,7.18,17.94
725,3,7.18,17.94
725,4,7.18,17.94
725,99,2.69,15.25
71135,1,6.78,16.94
71135,2,6.78,16.94
71135,3,6.78,16.94
71135,4,6.78,16.94
71135,99,2.54,14.4
70311,1,13.98,34.94
70311,2,13.98,34.94
70311,99,5.24,29.7
72075,1,4.38,10.94
72075,2,4.38,10.94
72075,3,4.38,10.94
72075,99,1.64,9.3
68839,1,10.78,26.94
68839,2,10.78,26.94
68839,99,4.04,22.9
70853,1,3.98,9.94
70853,2,3.98,9.94
70853,3,3.98,9.94
70853,4,3.98,9.94
70987,1,9.98,24.94
70987,2,9.98,24.94
70987,3,9.98,24.94
70987,4,9.98,24.94
70987,99,3.74,21.2
68761,1,13.98,34.94
68761,2,13.98,34.94
68761,3,13.98,34.94
68761,4,13.98,34.94
68761,99,5.24,29.7
70213,1,7.18,17.94
70213,2,7.18,17.94
70213,3,7.18,17.94
70213,4,7.18,17.94
70213,99,2.69,15.25
69849,1,6.78,16.94
69849,2,6.78,16.94
69849,3,6.78,16.94
69849,99,2.54,14.4
69149,1,6.78,16.94
69149,2,6.78,16.94
69149,99,2.54,14.4
69045,1,10.78,26.94
69045,2,10.78,26.94
69045,3,10.78,26.94
69045,4,10.78,26.94
69045,99,4.04,22.9
69941,1,3.58,8.94
69941,2,3.58,8.94
69941,99,1.34,7.6
69659,1,5.18,12.94
69659,2,5.18,12.94
69659,99,1.94,11
1435,1,3.98,9.94
1435,2,3.98,9.94
1435,3,3.98,9.94
1435,4,3.98,9.94
70817,4,5.98,14.94
35,1,6.78,16.94
35,2,6.78,16.94
35,3,6.78,16.94
35,4,6.78,16.94
69209,1,5,12.5
69209,2,5,12.5
69209,3,5,12.5
69209,4,5,12.5
13,1,6.6,16.5
13,2,6.6,16.5
13,3,6.6,16.5
13,4,6.6,16.5
1535,1,7.98,19.94
1535,2,7.98,19.94
1535,3,7.98,19.94
1535,4,7.98,19.94
70037,1,13.8,34.5
70037,2,13.8,34.5
70037,3,13.8,34.5
70037,4,13.8,34.5
2421,1,7.8,19.5
2421,2,7.8,19.5
2421,3,7.8,19.5
2421,4,7.8,19.5
2421,99,2.93,16.58
2013,1,13.98,34.94
2013,2,13.98,34.94
2013,3,13.98,34.94
2013,4,13.98,34.94
70805,1,9.98,24.94
70805,2,9.98,24.94
70805,3,9.98,24.94
70805,4,9.98,24.94
69503,1,15.98,39.94
69503,2,15.98,39.94
69503,3,15.98,39.94
69503,4,15.98,39.94
2275,1,7.98,19.94
2275,2,7.98,19.94
2275,3,7.98,19.94
2275,4,7.98,19.94
653,1,7.98,19.94
653,2,7.98,19.94
653,3,7.98,19.94
653,4,7.98,19.94
315,1,7.98,19.94
315,2,7.98,19.94
315,3,7.98,19.94
315,4,7.98,19.94
69311,1,11.98,29.94
69311,2,11.98,29.94
69311,3,11.98,29.94
69311,4,11.98,29.94
69311,99,4.49,25.45
69215,1,11.98,29.94
69215,2,11.98,29.94
69215,99,4.49,25.45
69215,3,11.98,29.94
69215,4,11.98,29.94
371,1,5.98,14.94
371,2,5.98,14.94
371,3,5.98,14.94
371,4,5.98,14.94
2625,1,5.98,14.94
2625,2,5.98,14.94
2625,3,5.98,14.94
2625,4,5.98,14.94
2721,1,1.98,4.94
2721,2,1.98,4.94
2721,3,1.98,4.94
2721,4,1.98,4.94
2357,1,5.98,14.94
2357,2,5.98,14.94
2357,99,2.24,12.7
70039,1,13.8,34.5
70039,2,13.8,34.5
70039,3,13.8,34.5
70039,4,13.8,34.5
1811,1,3.18,7.94
1811,2,3.18,7.94
1811,99,1.19,6.75
71443,1,5.18,12.94
71443,2,5.18,12.94
71443,3,5.18,12.94
71443,4,5.18,12.94
2163,1,5,12.5
2163,2,5,12.5
2163,3,5,12.5
2163,4,5,12.5
70583,1,2.6,6.5
70583,2,2.6,6.5
70583,3,2.6,6.5
70583,4,2.6,6.5
70583,99,0.98,5.53
69407,1,9.18,22.94
69407,2,9.18,22.94
69407,3,9.18,22.94
69407,4,9.18,22.94
69407,99,3.44,19.5
69263,1,9.18,22.94
69263,2,9.18,22.94
69263,3,9.18,22.94
69263,4,9.18,22.94
1413,1,7.8,19.5
1413,2,7.8,19.5
1413,3,7.8,19.5
1413,4,7.8,19.5
861,1,6.78,16.94
861,2,6.78,16.94
861,3,6.78,16.94
861,4,6.78,16.94
10187,1,7.98,19.94
10187,2,7.98,19.94
10187,3,7.98,19.94
10187,4,7.98,19.94
71375,1,4.38,10.94
71375,2,4.38,10.94
71375,99,1.64,9.3
68987,1,6.78,16.94
68987,2,6.78,16.94
68987,99,2.54,14.4
71273,1,9.18,22.94
71273,2,9.18,22.94
71273,3,9.18,22.94
71273,4,9.18,22.94
71273,99,3.44,19.5
72241,3,3.58,8.94
72241,4,3.58,8.94
70335,1,9.18,22.94
70335,2,9.18,22.94
70335,3,9.18,22.94
70335,4,9.18,22.94
70335,99,3.44,19.5
72585,1,6.78,16.94
72585,2,6.78,16.94
72585,3,6.78,16.94
72585,4,6.78,16.94
72585,99,2.54,14.4
72179,1,5.18,12.94
72179,2,5.18,12.94
72179,3,5.18,12.94
72179,4,5.18,12.94
72179,99,1.94,11
71943,1,9.18,22.94
71943,2,9.18,22.94
71943,3,9.18,22.94
71943,4,9.18,22.94
71943,99,3.44,19.5
72063,1,9.98,24.94
72063,2,9.98,24.94
72063,3,9.98,24.94
72063,4,9.98,24.94
72063,99,3.74,21.2
70775,1,5.98,14.94
70775,2,5.98,14.94
70775,3,5.98,14.94
70775,4,5.98,14.94
70775,99,2.24,12.7
69469,1,11.98,29.94
69469,2,11.98,29.94
69469,99,4.49,25.45
69469,3,11.98,29.94
69469,4,11.98,29.94
2351,1,7.98,19.94
2351,2,7.98,19.94
2351,3,7.98,19.94
2351,4,7.98,19.94
1723,1,7.8,19.5
1723,2,7.8,19.5
1723,3,7.8,19.5
1723,4,7.8,19.5
1723,99,2.93,16.58
1825,1,7.8,19.5
1825,2,7.8,19.5
1825,3,7.8,19.5
1825,4,7.8,19.5
1825,99,2.93,16.58
69289,1,11.98,29.94
69289,2,11.98,29.94
69289,3,11.98,29.94
69289,4,11.98,29.94
1641,1,5.98,14.94
1641,2,5.98,14.94
1641,3,5.98,14.94
1641,4,5.98,14.94
70041,1,5.18,12.94
70041,2,5.18,12.94
70041,3,5.18,12.94
70041,4,5.18,12.94
261,1,7.98,19.94
261,2,7.98,19.94
261,3,7.98,19.94
261,4,7.98,19.94
1953,1,3.98,9.94
1953,2,3.98,9.94
1953,3,3.98,9.94
1953,4,3.98,9.94
38903,99,2.54,14.4
1949,1,9.98,24.94
1949,2,9.98,24.94
1949,3,9.98,24.94
1949,4,9.98,24.94
70303,1,5.4,13.5
70303,2,5.4,13.5
70303,3,5.4,13.5
70303,4,5.4,13.5
69645,1,1.8,4.5
69645,2,1.8,4.5
69645,3,1.8,4.5
69645,4,1.8,4.5
69645,99,0.68,3.83
72271,1,3.58,8.94
72271,2,3.58,8.94
72271,3,3.58,8.94
72271,4,3.58,8.94
69223,1,11.98,29.94
69223,2,11.98,29.94
69223,3,11.98,29.94
69223,4,11.98,29.94
68793,1,11.98,29.94
68793,2,11.98,29.94
68793,3,11.98,29.94
68793,4,11.98,29.94
68853,1,7.98,19.94
68853,2,7.98,19.94
68853,3,7.98,19.94
68853,4,7.98,19.94
69447,1,9.98,24.94
69447,2,9.98,24.94
69447,3,9.98,24.94
69447,4,9.98,24.94
70543,1,13.98,34.94
70543,2,13.98,34.94
70543,3,13.98,34.94
70543,4,13.98,34.94
70543,99,5.24,29.7
331,1,2.38,5.94
331,2,2.38,5.94
331,3,2.38,5.94
331,4,2.38,5.94
331,99,0.89,5.05
70035,1,13.18,32.94
70035,2,13.18,32.94
70035,3,13.18,32.94
70035,4,13.18,32.94
68695,1,11.98,29.94
68695,2,11.98,29.94
68695,3,11.98,29.94
68695,4,11.98,29.94
69541,1,5.98,14.94
69541,2,5.98,14.94
69541,99,2.24,12.7
69541,3,5.98,14.94
69541,4,5.98,14.94
2143,1,7.98,19.94
2143,2,7.98,19.94
2143,3,7.98,19.94
2143,4,7.98,19.94
38909,1,3.58,8.94
38909,2,3.58,8.94
38909,3,3.58,8.94
38909,4,3.58,8.94
68679,1,11.98,29.94
68679,2,11.98,29.94
68679,3,11.98,29.94
68679,4,11.98,29.94
70043,1,3.98,9.94
70043,2,3.98,9.94
70043,3,3.98,9.94
70043,4,3.98,9.94
1809,1,6.78,16.94
1809,2,6.78,16.94
1809,3,6.78,16.94
1809,4,6.78,16.94
70309,1,14.78,36.94
70309,2,14.78,36.94
70309,3,14.78,36.94
70309,4,14.78,36.94
69199,1,9.18,22.94
69199,2,9.18,22.94
69199,3,9.18,22.94
69199,4,9.18,22.94
69199,99,3.44,19.5
70311,3,13.98,34.94
70311,4,13.98,34.94
72489,1,3.4,8.5
72489,2,3.4,8.5
72489,3,3.4,8.5
72489,4,3.4,8.5
72489,99,1.28,7.23
